video_id,song_name,artist_name,views,likes,comments,chart_position,collection_date
"yt_unknown_sasirekha_lyrical_|_mana_shankara_varaprasad_garu_|_chiranjeevi,_nayanthara_|_bheems_|_an","Sasirekha Lyrical | Mana Shankara Varaprasad Garu | Chiranjeevi, Nayanthara | Bheems | Anil Ravipudi",Unknown,6017739,0,0,1,2025-12-08
yt_unknown_“golden”_official_lyric_video_|_kpop_demon_hunters_|_sony_animation,“Golden” Official Lyric Video | KPop Demon Hunters | Sony Animation,Unknown,5093936,0,0,2,2025-12-08
yt_babymonster_'psycho'_performance_video,'PSYCHO' PERFORMANCE VIDEO,BABYMONSTER,4344293,0,0,3,2025-12-08
yt_nijjar_god_did_(official_music_video)_latest_punjabi_songs_2025,God Did (Official Music Video) Latest Punjabi Songs 2025,Nijjar,3339668,0,0,4,2025-12-08
yt_unknown_[_恆星不忘_✦_forever_forever_]__周杰倫jay_╳_言承旭jerry_╳_吳建豪vanness_╳_周渝民vic__╳_五月天阿信_ashin｜music_,[ 恆星不忘 ✦ Forever Forever ]  周杰倫Jay ╳ 言承旭Jerry ╳ 吳建豪VanNess ╳ 周渝民Vic  ╳ 五月天阿信 Ashin｜Music Video,Unknown,3333749,0,0,5,2025-12-08
yt_babymonster_‘psycho’_m/v,‘PSYCHO’ M/V,BABYMONSTER,2805399,0,0,6,2025-12-08
yt_unknown_#video_|_तुहु_रोअबु_रानी_|_#khesari_lal_yadav_|_tuhu_roabu_rani_|_bhojpuri_new_sad_song_|,#Video | तुहु रोअबु रानी | #Khesari Lal Yadav | Tuhu Roabu Rani | Bhojpuri New Sad Song | GMJ | 2025,Unknown,2702889,0,0,7,2025-12-08
"yt_unknown_""soda_pop""_official_lyric_video_|_kpop_demon_hunters_|_sony_animation","""Soda Pop"" Official Lyric Video | KPop Demon Hunters | Sony Animation",Unknown,2582692,0,0,8,2025-12-08
yt_blok3_kusura_bakma_(official_music_video),KUSURA BAKMA (Official Music Video),BLOK3,2439320,0,0,9,2025-12-08
yt_unknown_pawan_singh_new_song_|_dhamaka_|_trishakar_madhu_|_power_star_|_new_bhojpuri_song_|_bhojp,Pawan Singh New Song | Dhamaka | Trishakar Madhu | Power Star | New Bhojpuri Song | Bhojpuri Gana,Unknown,2398126,0,0,10,2025-12-08
yt_mariah_carey_all_i_want_for_christmas_is_you_(make_my_wish_come_true_edition),All I Want for Christmas Is You (Make My Wish Come True Edition),Mariah Carey,2332579,0,0,11,2025-12-08
yt_rosé_&_bruno_mars_apt._(official_music_video),APT. (Official Music Video),ROSÉ & Bruno Mars,2014473,0,0,12,2025-12-08
"yt_shakira_zoo_(from_""zootopia_2"")_official_music_video","Zoo (From ""Zootopia 2"") Official Music Video",Shakira,1913218,0,0,13,2025-12-08
yt_unknown_श्री_हनुमान_चालीसा_🌺🙏|_shree_hanuman_chalisa_original_video_|🙏🌺|_gulshan_kumar_|_harihara,श्री हनुमान चालीसा 🌺🙏| Shree Hanuman Chalisa Original Video |🙏🌺| GULSHAN KUMAR | HARIHARAN |Full HD,Unknown,1883659,0,0,14,2025-12-08
yt_wham!_last_christmas_(official_video),Last Christmas (Official Video),Wham!,1777643,0,0,15,2025-12-08
yt_crazy_frog_axel_f_(official_video),Axel F (Official Video),Crazy Frog,1769168,0,0,16,2025-12-08
"yt_lady_gaga,_bruno_mars_die_with_a_smile_(official_music_video)",Die With A Smile (Official Music Video),"Lady Gaga, Bruno Mars",1566879,0,0,17,2025-12-08
"yt_grupo_menos_é_mais,_simone_mendes_p_do_pecado_(ao_vivo)",P do Pecado (Ao Vivo),"Grupo Menos É Mais, Simone Mendes",1511706,0,0,18,2025-12-08
"yt_deewaniyat_title_track_ek_deewane_ki_deewaniyat_|_harshvardhan_sonam_|_vishal_,kaushikguddu,kunaa","Ek Deewane Ki Deewaniyat | Harshvardhan Sonam | Vishal ,KaushikGuddu,Kunaal",DEEWANIYAT Title Track,1510880,0,0,19,2025-12-08
yt_unknown_chikiri_chikiri_video_song_|_peddi_|_ram_charan_|_janhvi_|_buchi_babu_sana_|_ar_rahman|mo,Chikiri Chikiri Video Song | Peddi | Ram Charan | Janhvi | Buchi Babu Sana | AR Rahman|Mohit Chauhan,Unknown,1487785,0,0,20,2025-12-08
yt_taylor_swift_the_fate_of_ophelia_(official_music_video),The Fate of Ophelia (Official Music Video),Taylor Swift,1479009,0,0,21,2025-12-08
yt_unknown_mangli_bayilone_ballipalike_|full_song|suresh_bobbili|nagavva_|kamaleslavath_|shekarvirus,Mangli Bayilone Ballipalike |Full Song|Suresh Bobbili|Nagavva |KamalEslavath |ShekarVirus |DamuReddy,Unknown,1441491,0,0,22,2025-12-08
yt_unknown_barota_(music_video)_sidhu_moose_wala_|_the_kidd_|_latest_punjabi_songs_2025,BAROTA (MUSIC VIDEO) SIDHU MOOSE WALA | THE KIDD | LATEST PUNJABI SONGS 2025,Unknown,1428039,0,0,23,2025-12-08
"yt_unknown_fortuner_(official_video)_gulshan_music,jaat_nia,ruchika_jangid_|_new_haryanvi_songs_hary","Fortuner (Official Video) Gulshan Music,Jaat Nia,Ruchika Jangid | New Haryanvi Songs Haryanavi 2025",Unknown,1357727,0,0,24,2025-12-08
yt_karol_g_si_antes_te_hubiera_conocido_|_coke_studio,Si Antes Te Hubiera Conocido | Coke Studio,KAROL G,1320104,0,0,25,2025-12-08
"yt_unknown_""your_idol""_|_official_song_clip_|_kpop_demon_hunters_|_sony_animation","""Your Idol"" | Official Song Clip | KPop Demon Hunters | Sony Animation",Unknown,1247185,0,0,26,2025-12-08
"yt_el_chombo,_dancing_green_alien_dame_tu_cosita_feat._cutty_ranks_(official_video)",Dame Tu Cosita feat. Cutty Ranks (Official Video),"El Chombo, Dancing Green Alien",1243838,0,0,27,2025-12-08
"yt_w_sound_05_""la_plena""_beéle,_westcol,_ovy_on_the_drums","Beéle, Westcol, Ovy On The Drums","W Sound 05 ""LA PLENA""",1240084,0,0,28,2025-12-08
yt_fuerza_regida_marlboro_rojo_(video_oficial),MARLBORO ROJO (VIDEO OFICIAL),FUERZA REGIDA,1199380,0,0,29,2025-12-08
yt_unknown_ranu_bombai_ki_ranu_full_song_|_ramu_rathod_|_likhitha_|_kalyan_keys_|_prabha_|_rathod_tu,RANU BOMBAI KI RANU FULL SONG | RAMU RATHOD | LIKHITHA | KALYAN KEYS | PRABHA | RATHOD TUNES,Unknown,1197029,0,0,30,2025-12-08
"yt_dhurandhar_title_track_|_ranveer_singh,_shashwat_sachdev,_hanumankind,_jasmine_sandlas,aditya_dha","Title Track | Ranveer Singh, Shashwat Sachdev, Hanumankind, Jasmine Sandlas,Aditya Dhar",Dhurandhar,1196227,0,0,31,2025-12-08
"yt_coca_cola_2_tony_kakkar,_neha_kakkar,_junior_|_official_video","Tony Kakkar, Neha Kakkar, Junior | Official Video",Coca Cola 2,1167450,0,0,32,2025-12-08
yt_sia_snowman_[official_video],Snowman [Official Video],Sia,1151268,0,0,33,2025-12-08
"yt_unknown_""how_it's_done""_official_lyric_video_|_kpop_demon_hunters_|_sony_animation","""How It's Done"" Official Lyric Video | KPop Demon Hunters | Sony Animation",Unknown,1129855,0,0,34,2025-12-08
"yt_xavi,_manuel_turizo_en_privado_(official_video)",En Privado (Official Video),"Xavi, Manuel Turizo",1129035,0,0,35,2025-12-08
yt_unknown_#video_|_#नीलकमल_सिंह_|_सड़ीया_सरकावs_राजा_जी_|_#neelkamal_singh_|_akansha_puri_|_latest_,#Video | #नीलकमल सिंह | सड़ीया सरकावs राजा जी | #Neelkamal Singh | Akansha Puri | Latest Hit Song,Unknown,1111481,0,0,36,2025-12-08
yt_dystinct_yama_(official_music_video),YAMA (Official Music Video),DYSTINCT,1110093,0,0,37,2025-12-08
yt_unknown_peddi_reddy_full_song_|_bullet_bandi_laxman_|_madeen_sk_|_naga_durga_|_leading_boys,Peddi Reddy Full Song | Bullet Bandi Laxman | Madeen Sk | Naga Durga | Leading Boys,Unknown,1100583,0,0,38,2025-12-08
"yt_unknown_saiyaara_title_song_|_ahaan_panday,_aneet_padda_|_tanishk_bagchi,_faheem_a,_arslan_n_|_ir","Saiyaara Title Song | Ahaan Panday, Aneet Padda | Tanishk Bagchi, Faheem A, Arslan N | Irshad Kamil",Unknown,1076904,0,0,39,2025-12-08
yt_grupo_firme_el_beneficio_de_la_duda_(video_oficial),El Beneficio De La Duda (Video Oficial),Grupo Firme,1066726,0,0,40,2025-12-08
yt_billie_eilish_birds_of_a_feather_(official_music_video),BIRDS OF A FEATHER (Official Music Video),Billie Eilish,1063430,0,0,41,2025-12-08
yt_tyla_chanel_(official_music_video),CHANEL (Official Music Video),Tyla,1049710,0,0,42,2025-12-08
yt_blok3_gi̇t_(official_music_video),GİT (Official Music Video),BLOK3,1049297,0,0,43,2025-12-08
yt_unknown_golden,Golden,Unknown,1011986,0,0,44,2025-12-08
yt_frecuencia_dareyes_de_la_sierra_(video_oficial),Dareyes de la Sierra (Video Oficial),Frecuencia,1011023,0,0,45,2025-12-08
yt_gustavo_mioto_pedido_de_socorro,Pedido de Socorro,Gustavo Mioto,1006375,0,0,46,2025-12-08
"yt_unknown_aawaara_angaara_(film_version)_|_tere_ishk_mein_|dhanush,kriti_|ar_rahman,faheem|aanand_l","Aawaara Angaara (Film Version) | Tere Ishk Mein |Dhanush,Kriti |AR Rahman,Faheem|Aanand LR|Bhushan K",Unknown,1005737,0,0,47,2025-12-08
yt_화사_(hwasa)_'good_goodbye'_mv,'Good Goodbye' MV,화사 (HWASA),1003900,0,0,48,2025-12-08
yt_blok3_napiyosun_mesela_?_(official_music_video),NAPIYOSUN MESELA ? (Official Music Video),BLOK3,1002834,0,0,49,2025-12-08
yt_unknown_for_a_reason_(official_video)_karan_aujla_|_tania__|_ikky_|_latest_punjabi_songs_2025,For A Reason (Official Video) Karan Aujla | Tania  | Ikky | Latest Punjabi Songs 2025,Unknown,990020,0,0,50,2025-12-08
yt_unknown_laal_pari_(song):_yo_yo_honey_singh_|_sajid_nadiadwala_|_tarun_mansukhani_|_housefull_5,LAAL PARI (Song): Yo Yo Honey Singh | Sajid Nadiadwala | Tarun Mansukhani | Housefull 5,Unknown,975687,0,0,51,2025-12-08
yt_çağla_&_doğu_swag_seni_düşündüm_(prod._by_büken),Seni Düşündüm (Prod. by Büken),Çağla & Doğu Swag,972995,0,0,52,2025-12-08
"yt_pedro_sampaio_sequência_feiticeira_feat_mc_gw,_mc_rodrigo_do_cn,_mc_jhey,_mc_nito","SEQUÊNCIA FEITICEIRA feat MC GW, MC Rodrigo do CN, MC Jhey, MC Nito",PEDRO SAMPAIO,945539,0,0,53,2025-12-08
yt_manifest_amatör_|_official_music_video,Amatör | Official Music Video,manifest,915067,0,0,54,2025-12-08
"yt_unknown_oorum_blood_|_dude_|_pradeep_ranganathan,_mamitha_|_sai_abhyankkar|_keerthiswaran|paal_da","Oorum Blood | Dude | Pradeep Ranganathan, Mamitha | Sai Abhyankkar| Keerthiswaran|Paal Dabba| Mythri",Unknown,893162,0,0,55,2025-12-08
yt_unknown_alpha_drive_one_(알파드라이브원)__formula_performance_video,ALPHA DRIVE ONE (알파드라이브원)  FORMULA PERFORMANCE VIDEO,Unknown,888590,0,0,56,2025-12-08
"yt_guru_randhawa_""azul""__mv","""AZUL""  MV",GURU RANDHAWA,881058,0,0,57,2025-12-08
yt_dj_snake_let_me_love_you_ft._justin_bieber,Let Me Love You ft. Justin Bieber,DJ Snake,878476,0,0,58,2025-12-08
yt_wiz_khalifa_see_you_again_ft._charlie_puth_[official_video]_furious_7_soundtrack,See You Again ft. Charlie Puth [Official Video] Furious 7 Soundtrack,Wiz Khalifa,874435,0,0,59,2025-12-08
yt_unknown_hana_/_non_stop_-music_video-,HANA / NON STOP -Music Video-,Unknown,869136,0,0,60,2025-12-08
yt_unknown_#video_|_सईयाँ_सेवा_करे_|_#pawan_singh_|_saiyan_seva_kare_|_#shilpi_raj_|_new_bhojpuri_so,#video | सईयाँ सेवा करे | #Pawan Singh | Saiyan Seva Kare | #Shilpi Raj | New Bhojpuri Song 2025,Unknown,867081,0,0,61,2025-12-08
yt_grupo_frontera_x_grupo_firme_el_amor_de_su_vida_(video_oficial),EL AMOR DE SU VIDA (Video Oficial),Grupo Frontera x Grupo Firme,865470,0,0,62,2025-12-08
yt_psy_gangnam_style(강남스타일)_m/v,GANGNAM STYLE(강남스타일) M/V,PSY,860950,0,0,63,2025-12-08
yt_benson_boone_beautiful_things_(official_music_video),Beautiful Things (Official Music Video),Benson Boone,855326,0,0,64,2025-12-08
"yt_humberto_e_ronaldo,_panda_mente_poluída_[_dvd_de_verdade_]",Mente Poluída [ DvD de Verdade ],"Humberto e Ronaldo, Panda",854473,0,0,65,2025-12-08
yt_jere_klein_x_katteyes_todo_k_ver_(video_oficial),TODO K VER (VIDEO OFICIAL),JERE KLEIN X KATTEYES,854400,0,0,66,2025-12-08
"yt_unknown_tere_ishk_mein:_aawaara_angaara_(lyrics)_dhanush,kriti_|ar_rahman,faheem,irshad|aanand_lr","Tere Ishk Mein: Aawaara Angaara (Lyrics) Dhanush,Kriti |AR Rahman,Faheem,Irshad|Aanand LR|Bhushan K",Unknown,846132,0,0,67,2025-12-08
yt_unknown_“gabriela”_performance_video_|_katseye,“Gabriela” Performance Video | KATSEYE,Unknown,843846,0,0,68,2025-12-08
yt_michael_bublé_it's_beginning_to_look_a_lot_like_christmas_(official_music_video),It's Beginning to Look a Lot Like Christmas (Official Music Video),Michael Bublé,841931,0,0,69,2025-12-08
yt_unknown_aaj_ki_raat_-full_song_|stree_2|tamannaah_bhatia|rajkummar_rao|sachin-jigar|madhubanti|di,Aaj Ki Raat -Full Song |Stree 2|Tamannaah Bhatia|Rajkummar Rao|Sachin-Jigar|Madhubanti|Divya|Amitabh,Unknown,841330,0,0,70,2025-12-08
yt_não_tem_mais_amor_vitor_fernandes_(clipe_oficial),Vitor Fernandes (Clipe Oficial),NÃO TEM MAIS AMOR,838166,0,0,71,2025-12-08
yt_luis_fonsi_despacito_ft._daddy_yankee,Despacito ft. Daddy Yankee,Luis Fonsi,802021,0,0,72,2025-12-08
yt_unknown_shaky_(_official_#video_)_sanju_rathod_ft._isha_malviya_|_g-spark_|_new_#marathi_songs_20,Shaky ( Official #Video ) Sanju Rathod Ft. Isha Malviya | G-Spark | New #Marathi Songs 2025,Unknown,801799,0,0,73,2025-12-08
yt_herencia_de_grandes_ya_borracho_[official_video],Ya Borracho [Official Video],Herencia De Grandes,801400,0,0,74,2025-12-08
"yt_hollywood_peso_pluma,_estevan_plazola_(video_oficial)","Peso Pluma, Estevan Plazola (Video Oficial)",Hollywood,799064,0,0,75,2025-12-08
yt_beéle_no_tiene_sentido_(video_oficial),no tiene sentido (Video Oficial),Beéle,794768,0,0,76,2025-12-08
yt_50_cent_in_da_club_(official_music_video),In Da Club (Official Music Video),50 Cent,788762,0,0,77,2025-12-08
yt_youngohm_ใจฉันตามเธอไป_(official_lyric_video),ใจฉันตามเธอไป (Official Lyric Video),YOUNGOHM,788527,0,0,78,2025-12-08
yt_semicenk_çıkmaz_bir_sokakta,Çıkmaz Bir Sokakta,Semicenk,787121,0,0,79,2025-12-08
yt_แก้บน_ก้านตอง_ทุ่งเงิน【official_mv】,ก้านตอง ทุ่งเงิน【OFFICIAL MV】,แก้บน,786520,0,0,80,2025-12-08
"yt_unknown_संकटमोचन_हनुमान_अष्टक,_sankat_mochan_hanuman_ashtak,hariharan,hindi,_english_lyrics,_hanu","संकटमोचन हनुमान अष्टक, Sankat Mochan Hanuman Ashtak,HARIHARAN,Hindi, English Lyrics, Hanuman Chalisa",Unknown,773617,0,0,81,2025-12-08
"yt_grupo_menos_é_mais,_nattan_pela_última_vez_(ao_vivo)",Pela Última Vez (Ao Vivo),"Grupo Menos É Mais, NATTAN",770435,0,0,82,2025-12-08
"yt_unknown_gehra_hua_|_dhurandhar_|_ranveer_singh,_sara_arjun,_shashwat_sachdev,_arijit_singh_|_irsh","Gehra Hua | Dhurandhar | Ranveer Singh, Sara Arjun, Shashwat Sachdev, Arijit Singh | Irshad Kamil",Unknown,766653,0,0,83,2025-12-08
yt_unknown_full_video:_hookah_bar_|_khiladi_786_|_akshay_kumar_&_asin_|_himesh_reshammiya,Full Video: Hookah Bar | Khiladi 786 | Akshay Kumar & Asin | Himesh Reshammiya,Unknown,764731,0,0,84,2025-12-08
"yt_bol_kaffara_kya_hoga_ek_deewane_ki_deewaniyat_|_harshvardhan,_sonam_|_chetas,_neha,_farhan,_lijo","Ek Deewane Ki Deewaniyat | Harshvardhan, Sonam | Chetas, Neha, Farhan, Lijo",Bol Kaffara Kya Hoga,764641,0,0,85,2025-12-08
"yt_unknown_betsy,_мария_янковская_–_sigma_boy_(official_music_video)","Betsy, Мария Янковская – Sigma Boy (Official Music Video)",Unknown,761549,0,0,86,2025-12-08
yt_cazzu_con_otra_(video_oficial),Con Otra (Video Oficial),Cazzu,758344,0,0,87,2025-12-08
"yt_unknown_saiyaara_full_song_|_ahaan_panday,_aneet_padda_|_tanishk_bagchi,_faheem_a,_arslan_n_|_irs","Saiyaara Full Song | Ahaan Panday, Aneet Padda | Tanishk Bagchi, Faheem A, Arslan N | Irshad Kamil",Unknown,753454,0,0,88,2025-12-08
yt_radiohead_creep,Creep,Radiohead,746968,0,0,89,2025-12-08
yt_midnight_call_(official_video)_harkirat_sangha_|_starboy_x_|_rupan_bal_|_interstellar_2025,Harkirat Sangha | Starboy X | Rupan Bal | Interstellar 2025,Midnight Call (Official Video),745995,0,0,90,2025-12-08
yt_the_police_every_breath_you_take_(official_music_video),Every Breath You Take (Official Music Video),The Police,734867,0,0,91,2025-12-08
yt_mirjalol_nematov_dilbar_(official_music_video),Dilbar (Official Music Video),Mirjalol Nematov,734209,0,0,92,2025-12-08
"yt_kybba,_ryan_castro,_sean_paul_&_busy_signal_ba_ba_bad_remix_(video_oficial)",BA BA BAD REMIX (Video Oficial),"Kybba, Ryan Castro, Sean Paul & Busy Signal",732544,0,0,93,2025-12-08
yt_b_praak_x_jaani_dil_kaat_ke_|_sakshi_|_rajniesh_|_piyush_shazia_|_bunny_|_desi_melodies,Dil Kaat Ke | Sakshi | Rajniesh | Piyush Shazia | Bunny | Desi Melodies,B Praak x Jaani,732371,0,0,94,2025-12-08
"yt_post_malone,_swae_lee_sunflower_(spider-man:_into_the_spider-verse)_(official_video)",Sunflower (Spider-Man: Into the Spider-Verse) (Official Video),"Post Malone, Swae Lee",731817,0,0,95,2025-12-08
"yt_chikni_chameli_8k/4k_music_video_|_katrina_kaif,_hrithik_|_agneepath_|_shreya_ghoshal_|_ajay-atul","8K/4k Music Video | Katrina Kaif, Hrithik | Agneepath | Shreya Ghoshal | Ajay-Atul",Chikni Chameli,719200,0,0,96,2025-12-08
yt_unknown_daddy_yankee_||_bzrp_music_sessions_#0/66,DADDY YANKEE || BZRP Music Sessions #0/66,Unknown,718762,0,0,97,2025-12-08
yt_lewis_capaldi_someone_you_loved,Someone You Loved,Lewis Capaldi,717591,0,0,98,2025-12-08
yt_unknown_meesaala_pilla_full_lyrical_|_mana_shankara_varaprasad_garu_|_chiranjeevi_|_nayanthara_|b,Meesaala Pilla Full Lyrical | Mana Shankara Varaprasad Garu | Chiranjeevi | Nayanthara |Bheems Music,Unknown,717240,0,0,99,2025-12-08
"yt_lyrical_|_saiyaara_reprise_female_song_|_ahaan,_aneet_|_tanishk,_faheem,_arslan_|_shreya_|_irshad","Female Song | Ahaan, Aneet | Tanishk, Faheem, Arslan | Shreya | Irshad",Lyrical | Saiyaara Reprise,714459,0,0,100,2025-12-08
yt_divine_you_&_i_|_kalyani_priyadarshan_|_prod._by_zzorawar_|_official_music_video,You & I | Kalyani Priyadarshan | Prod. by Zzorawar | Official Music Video,DIVINE,710871,0,0,101,2025-12-08
yt_blackpink_‘뛰어(jump)’_m/v,‘뛰어(JUMP)’ M/V,BLACKPINK,705077,0,0,102,2025-12-08
yt_4_non_blondes_what's_up_(official_music_video),What's Up (Official Music Video),4 Non Blondes,703878,0,0,103,2025-12-08
"yt_saiyaara_reprise_female_|_full_song_|_ahaan,_aneet_|_tanishk,_faheem,_arslan_|_shreya_|_irshad","Female | Full Song | Ahaan, Aneet | Tanishk, Faheem, Arslan | Shreya | Irshad",Saiyaara Reprise,700839,0,0,104,2025-12-08
yt_eminem_mockingbird_[official_music_video],Mockingbird [Official Music Video],Eminem,696727,0,0,105,2025-12-08
yt_la_oreja_de_van_gogh_rosas_(vídeo_oficial),Rosas (Vídeo Oficial),La Oreja de Van Gogh,695687,0,0,106,2025-12-08
yt_amr_diab_baba_(official_lyric_video)_|_(كلمات)_عمرو_دياب_-_بابا,Baba (Official Lyric Video) | (كلمات) عمرو دياب - بابا,Amr Diab,694994,0,0,107,2025-12-08
yt_shakira_waka_waka_(this_time_for_africa)_(the_official_2010_fifa_world_cup™_song),Waka Waka (This Time for Africa) (The Official 2010 FIFA World Cup™ Song),Shakira,692616,0,0,108,2025-12-08
yt_tul8te_el_hob_gany_i_تووليت_-_الحب_جاني,El Hob Gany I تووليت - الحب جاني,TUL8TE,688566,0,0,109,2025-12-08
"yt_unknown_bulleya_|_full_song_|_sultan_|_salman_khan,_anushka_sharma_|_papon_|_vishal_&_shekhar_|_i","Bulleya | Full Song | Sultan | Salman Khan, Anushka Sharma | Papon | Vishal & Shekhar | Irshad Kamil",Unknown,685877,0,0,110,2025-12-08
yt_por_sus_besos_tito_double_p_(video_oficial),Tito Double P (Video Oficial),Por Sus Besos,683262,0,0,111,2025-12-08
yt_beéle_top_diesel_(performance/lyrics),top diesel (Performance/Lyrics),Beéle,678390,0,0,112,2025-12-08
yt_bad_bunny_baile_inolvidable_(video_oficial)_|_debí_tirar_más_fotos,BAILE INoLVIDABLE (Video Oficial) | DeBÍ TiRAR MáS FOToS,BAD BUNNY,670509,0,0,113,2025-12-08
yt_unknown_boyfriend(music_video)_karan_aujla|_sunanda_|_ikky_|_latest_punjabi_songs_2025,BOYFRIEND(MUSIC VIDEO) KARAN AUJLA| SUNANDA | IKKY | Latest Punjabi Songs 2025,Unknown,670308,0,0,114,2025-12-08
yt_a-ha_take_on_me_(official_video)_[4k],Take On Me (Official Video) [4K],a-ha,666959,0,0,115,2025-12-08
"yt_unknown_full_video:_raanjhan_|_do_patti_|_kriti_sanon,_shaheer_sheikh_|_parampara_tandon_|_sachet","Full Video: Raanjhan | Do Patti | Kriti Sanon, Shaheer Sheikh | Parampara Tandon | Sachet-Parampara",Unknown,665019,0,0,116,2025-12-08
yt_grupo_menos_é_mais_coração_partido_(clipe_oficial),Coração Partido (Clipe Oficial),Grupo Menos é Mais,659672,0,0,117,2025-12-08
yt_michael_jackson_billie_jean_(official_video),Billie Jean (Official Video),Michael Jackson,658439,0,0,118,2025-12-08
yt_luan_santana_registro_histórico_(parte_1),REGISTRO HISTÓRICO (Parte 1),Luan Santana,657086,0,0,119,2025-12-08
yt_米津玄師__kenshi_yonezu_iris_out,IRIS OUT,米津玄師  Kenshi Yonezu,654194,0,0,120,2025-12-08
"yt_billie_eilish,_khalid_lovely",lovely,"Billie Eilish, Khalid",651764,0,0,121,2025-12-08
yt_grupo_marca_registrada_x_víctor_valverde_el_mayor_de_los_ranas_[en_vivo],El Mayor de los Ranas [En Vivo],Grupo Marca Registrada x Víctor Valverde,651261,0,0,122,2025-12-08
"yt_unknown_""what_it_sounds_like_""_|_official_song_clip_|_kpop_demon_hunters_|_sony_animation","""What It Sounds Like "" | Official Song Clip | KPop Demon Hunters | Sony Animation",Unknown,646002,0,0,123,2025-12-08
yt_unknown_jana_nayagan_–_thalapathy_kacheri_lyric_video|_thalapathy_vijay|_h_vinoth|_anirudh|_pooja,Jana Nayagan – Thalapathy Kacheri Lyric Video| Thalapathy Vijay| H Vinoth| Anirudh| Pooja Hegde| KVN,Unknown,645993,0,0,124,2025-12-08
"yt_unknown_stray_kids_""do_it""_m/v","Stray Kids ""Do It"" M/V",Unknown,645938,0,0,125,2025-12-08
yt_danny_ocean_me_rehúso_(letra),Me Rehúso (Letra),Danny Ocean,645363,0,0,126,2025-12-08
yt_calibre_50_si_te_pudiera_mentir_(letra),Si Te Pudiera Mentir (LETRA),Calibre 50,643266,0,0,127,2025-12-08
yt_julión_álvarez_y_su_norteño_banda_cero_empatía_(video_lyric),Cero Empatía (Video Lyric),Julión Álvarez y su Norteño Banda,638420,0,0,128,2025-12-08
yt_dil_ke_badle_sanam_(full_song)_film_kyon_ki_...it's_fate,Kyon Ki ...It'S Fate,Dil Ke Badle Sanam (Full Song) Film,637810,0,0,129,2025-12-08
"yt_jennifer_lopez,_pitbull_on_the_floor",On The Floor,"Jennifer Lopez, Pitbull",637380,0,0,130,2025-12-08
yt_unknown_narayan_mil_jayega_(lyrical):_jubin_nautiyal_|payal_dev_|manoj_muntashir_shukla|kashan|bh,Narayan Mil Jayega (Lyrical): Jubin Nautiyal |Payal Dev |Manoj Muntashir Shukla|Kashan|Bhushan Kumar,Unknown,633674,0,0,131,2025-12-08
yt_julión_álvarez_y_su_norteño_banda_rey_sin_reina_(video_lyric),Rey Sin Reina (Video Lyric),Julión Álvarez y su Norteño Banda,633444,0,0,132,2025-12-08
yt_onerepublic_counting_stars,Counting Stars,OneRepublic,630713,0,0,133,2025-12-08
yt_unknown_｢snow_man_dome_tour_2025-2026_on｣福岡公演_一部生配信,｢Snow Man Dome Tour 2025-2026 ON｣福岡公演 一部生配信,Unknown,626873,0,0,134,2025-12-08
yt_no_batidão_(ultra_slowed)_zxkai_x_slxughter,ZXKAI x slxughter,NO BATIDÃO (Ultra Slowed),626226,0,0,135,2025-12-08
"yt_el_alfa_""el_jefe""_x_el_bogueto_x_bluemoney_x_bryantlr_4_pa_4_|_video_oficial",4 Pa 4 | Video Oficial,"El ALFA ""El Jefe"" x El Bogueto x BlueMoney x BryantLr",624682,0,0,136,2025-12-08
yt_ed_sheeran_shape_of_you_(official_music_video),Shape of You (Official Music Video),Ed Sheeran,624106,0,0,137,2025-12-08
"yt_unknown_saiyaara_full_song_|_ek_tha_tiger_|_salman_khan,_katrina_kaif_|_mohit_chauhan,_tarannum,_","Saiyaara Full Song | Ek Tha Tiger | Salman Khan, Katrina Kaif | Mohit Chauhan, Tarannum, Sohail Sen",Unknown,622416,0,0,138,2025-12-08
"yt_ryan_castro_""richy""_&_sog_mi_fortuna_(video_oficial)",MI FORTUNA (Video Oficial),"Ryan Castro ""Richy"" & SOG",622235,0,0,139,2025-12-08
yt_unknown_passenger_|_let_her_go_(official_video),Passenger | Let Her Go (Official Video),Unknown,621077,0,0,140,2025-12-08
yt_unknown_💕🧃_yogurcito_remix_|_blessd_❌_anuel_aa_❌_yan_block_❌_luar_la_l_❌_roa__❌_kris_r,💕🧃 YOGURCITO REMIX | BLESSD ❌ ANUEL AA ❌ YAN BLOCK ❌ LUAR LA L ❌ ROA  ❌ KRIS R,Unknown,619676,0,0,141,2025-12-08
"yt_mari_fernandez,_@eogrelo,_@natanzinholimaoficial_saudade_do_carai",SAUDADE DO CARAI,"Mari Fernandez, @Eogrelo, @NatanzinhoLimaOficial",619671,0,0,142,2025-12-08
yt_coolio_gangsta's_paradise_(feat._l.v.)_[official_music_video],Gangsta's Paradise (feat. L.V.) [Official Music Video],Coolio,610878,0,0,143,2025-12-08
"yt_unknown_lyrical:_tum_hi_aana_|_marjaavaan_|_riteish_d,_sidharth_m,_tara_s_|jubin_nautiyal,payal_d","Lyrical: Tum Hi Aana | Marjaavaan | Riteish D, Sidharth M, Tara S |Jubin Nautiyal,Payal Dev,Kunaal V",Unknown,607297,0,0,144,2025-12-08
yt_jorge_&_mateus_sol_nos_olhos_(clipe_oficial),Sol Nos Olhos (Clipe Oficial),Jorge & Mateus,606381,0,0,145,2025-12-08
"yt_unknown_payal_ki_khanak_|_official_video_|_hindi_new_song_|_anil_rawat,kajal_|_mohit,anshu_|_bhai","Payal Ki Khanak | Official Video | Hindi New Song | Anil Rawat,Kajal | Mohit,Anshu | Bhaigiri Music",Unknown,605095,0,0,146,2025-12-08
"yt_rema,_selena_gomez_calm_down_(official_music_video)",Calm Down (Official Music Video),"Rema, Selena Gomez",604819,0,0,147,2025-12-08
"yt_unknown_""free""_|_official_lyric_video_|_sony_animation","""Free"" | Official Lyric Video | Sony Animation",Unknown,599272,0,0,148,2025-12-08
yt_karol_g_ivonny_bonita_(official_video),Ivonny Bonita (Official Video),KAROL G,597690,0,0,149,2025-12-08
yt_unknown_nadie-_tito_double_p_(video_oficial),Nadie- Tito Double P (Video Oficial),Unknown,592789,0,0,150,2025-12-08
yt_mary_j._blige_family_affair_(official_music_video),Family Affair (Official Music Video),Mary J. Blige,591343,0,0,151,2025-12-08
"yt_floyymenor,_cris_mj_gata_only",Gata Only,"FloyyMenor, Cris MJ",590395,0,0,152,2025-12-08
yt_cantajuego_soy_una_taza_(version_mexico),Soy Una Taza (Version Mexico),CantaJuego,587879,0,0,153,2025-12-08
yt_mark_ronson_uptown_funk_(official_video)_ft._bruno_mars,Uptown Funk (Official Video) ft. Bruno Mars,Mark Ronson,584161,0,0,154,2025-12-08
yt_beéle_quédate_(performance/lyrics),quédate (Performance/Lyrics),Beéle,579399,0,0,155,2025-12-08
yt_the_gummy_bear_song_long_english_version,Long English Version,The Gummy Bear Song,576917,0,0,156,2025-12-08
yt_justin_bieber_mistletoe_(official_music_video),Mistletoe (Official Music Video),Justin Bieber,570228,0,0,157,2025-12-08
yt_becky_g_por_el_contrario_with_leonardo_aguilar_&_ángela_aguilar_(performance_video),POR EL CONTRARIO with Leonardo Aguilar & Ángela Aguilar (Performance Video),Becky G,567269,0,0,158,2025-12-08
yt_unknown_die_with_a_smile,Die With A Smile,Unknown,565799,0,0,159,2025-12-08
yt_ed_sheeran_&_elton_john_merry_christmas_[official_video],Merry Christmas [Official Video],Ed Sheeran & Elton John,563991,0,0,160,2025-12-08
yt_eagles_hotel_california_(live_1977)_(official_video)_[hd],Hotel California (Live 1977) (Official Video) [HD],Eagles,562180,0,0,161,2025-12-08
"yt_ishq_sufiyana_lyrical_|_the_dirty_picture_|_emraan_hashmi,vidya_balan_|_vishal_shekhar",Shekhar,"Ishq Sufiyana Lyrical | The Dirty Picture | Emraan Hashmi,Vidya Balan | Vishal",559517,0,0,162,2025-12-08
yt_unknown_khesari_lal_new_song_|_kamariya_mein_peer_|_neelam_giri_|_new_bhojpuri_song_|_bhojpuri_ga,Khesari Lal New Song | Kamariya Mein Peer | Neelam Giri | New Bhojpuri Song | Bhojpuri Gana,Unknown,556947,0,0,163,2025-12-08
yt_ed_sheeran_perfect_(official_music_video),Perfect (Official Music Video),Ed Sheeran,551265,0,0,164,2025-12-08
yt_jlexis_x_michael_flores_x_shadow_blow_x_alofoke_music_me_toco_verte_brillar,ME TOCO VERTE BRILLAR,JLEXIS X MICHAEL FLORES X SHADOW BLOW X ALOFOKE MUSIC,550786,0,0,165,2025-12-08
"yt_unknown_lyrical_|_tum_ho_toh_song_|_saiyaara_|_ahaan,_aneet_|_vishal_mishra,_hansika_pareek_|_raj","Lyrical | Tum Ho Toh Song | Saiyaara | Ahaan, Aneet | Vishal Mishra, Hansika Pareek | Raj Shekhar",Unknown,549549,0,0,166,2025-12-08
"yt_léo_santana,_melody_desliza_(""ólhinho""_no_corpinho)","Desliza (""Ólhinho"" No Corpinho)","Léo Santana, Melody",547770,0,0,167,2025-12-08
yt_yng_lvcas_&_peso_pluma_la_bebe_(remix)_[video_oficial],La Bebe (Remix) [Video Oficial],Yng Lvcas & Peso Pluma,547643,0,0,168,2025-12-08
"yt_unknown_dhun_song_|_saiyaara_|_ahaan_panday,_aneet_padda_|_mithoon_|_arijit_singh","Dhun Song | Saiyaara | Ahaan Panday, Aneet Padda | Mithoon | Arijit Singh",Unknown,546958,0,0,169,2025-12-08
yt_in_the_end_[official_hd_music_video]_linkin_park,Linkin Park,In The End [Official HD Music Video],546805,0,0,170,2025-12-08
yt_monica_lyric_video|_coolie_|_superstar_rajinikanth_|_sun_pictures_|_lokesh_|_anirudh_|_pooja_hegd,Lyric Video| COOLIE | Superstar Rajinikanth | Sun Pictures | Lokesh | Anirudh | Pooja Hegde,Monica,546108,0,0,171,2025-12-08
yt_nueva_vida_(lyric_video)_peso_pluma,Peso Pluma,NUEVA VIDA (Lyric Video),546040,0,0,172,2025-12-08
"yt_unknown_#video_|_सड़िया_करिया_|_#ankush_raja,_#karishma_kakkar_|_sadiya_kariya_|_new_bhojpuri_song","#Video | सड़िया करिया | #Ankush Raja, #Karishma Kakkar | Sadiya Kariya | New Bhojpuri Song",Unknown,545552,0,0,173,2025-12-08
yt_official_video:_humnava_mere_song_|_jubin_nautiyal_|_manoj_muntashir_|_rocky_shiv_|_bhushan_kumar,Shiv | Bhushan Kumar,Official Video: Humnava Mere Song | Jubin Nautiyal | Manoj Muntashir | Rocky,545320,0,0,174,2025-12-08
yt_shakira_hips_don't_lie_(featuring_wyclef_jean)_(official_4k_video)_ft._wyclef_jean,Hips Don't Lie (featuring Wyclef Jean) (Official 4K Video) ft. Wyclef Jean,Shakira,544625,0,0,175,2025-12-08
yt_#video_#pawan_singh_-_राजाजी_के_दिलवा_|_#shivani_singh_|_rajaji_ke_dilwa_|_new_bhojpuri_song_2023,#Pawan Singh - राजाजी के दिलवा | #Shivani Singh | Rajaji Ke Dilwa | New Bhojpuri Song 2023,#Video,543556,0,0,176,2025-12-08
yt_los_ángeles_azules_nunca_es_suficiente_ft._natalia_lafourcade_(live),Nunca Es Suficiente ft. Natalia Lafourcade (Live),Los Ángeles Azules,542204,0,0,177,2025-12-08
"yt_sefo,_demet_akalın_yerinde_dur_(official_video)",Yerinde Dur (Official Video),"Sefo, Demet Akalın",540988,0,0,178,2025-12-08
yt_youngohm_ใจฉันตามเธอไป_(official_video),ใจฉันตามเธอไป (Official Video),YOUNGOHM,540834,0,0,179,2025-12-08
yt_rag'n'bone_man_human_(official_video),Human (Official Video),Rag'n'Bone Man,540633,0,0,180,2025-12-08
yt_unknown_'abhi_toh_party_shuru_hui_hai'_full_video_song_|_khoobsurat_|_badshah_|_sonam_kapoor_|_aa,'Abhi Toh Party Shuru Hui Hai' Full Video Song | Khoobsurat | Badshah | Sonam Kapoor | Aastha,Unknown,532600,0,0,181,2025-12-08
yt_sia_unstoppable_(official_video_-_live_from_the_nostalgic_for_the_present_tour),Unstoppable (Official Video - Live from the Nostalgic For The Present Tour),Sia,532590,0,0,182,2025-12-08
yt_uwaie_kapo_(video_oficial),Kapo (Video Oficial),UWAIE,525496,0,0,183,2025-12-08
"yt_unknown_pottala_muttaye_|_thalaivan_thalaivii_|_vijay_sethupathi,nithya_menen_|pandiraaj_|santhos","Pottala Muttaye | Thalaivan Thalaivii | Vijay Sethupathi,Nithya Menen |Pandiraaj |Santhosh Narayanan",Unknown,523607,0,0,184,2025-12-08
yt_junior_h_y_lloro_[official_video],Y LLORO [Official Video],Junior H,520383,0,0,185,2025-12-08
yt_unknown_le_sserafim_(르세라핌)_'spaghetti_(feat._j-hope_of_bts)'_official_mv,LE SSERAFIM (르세라핌) 'SPAGHETTI (feat. j-hope of BTS)' OFFICIAL MV,Unknown,519769,0,0,186,2025-12-08
"yt_unknown_lyrical:tum_jo_aaye_|once_upon_a_time_in_mumbai|_ajay_devgn,rahat_fateh_ali_khan,tulsi_ku","Lyrical:Tum Jo Aaye |Once Upon A Time In Mumbai| Ajay Devgn,Rahat Fateh Ali Khan,Tulsi Kumar, Pritam",Unknown,517462,0,0,187,2025-12-08
"yt_jhay_cortez,_j._balvin,_bad_bunny_no_me_conoce_(remix)",No Me Conoce (Remix),"Jhay Cortez, J. Balvin, Bad Bunny",516726,0,0,188,2025-12-08
yt_bryan_adams_(everything_i_do)_i_do_it_for_you,(Everything I Do) I Do It For You,Bryan Adams,515271,0,0,189,2025-12-08
yt_guru_randhawa_sirra_(_official_video_),SIRRA ( Official Video ),Guru Randhawa,514673,0,0,190,2025-12-08
yt_shawn_mendes_treat_you_better,Treat You Better,Shawn Mendes,514306,0,0,191,2025-12-08
yt_gianluca_grignani_mi_historia_entre_tus_dedos,Mi Historia Entre Tus Dedos,Gianluca Grignani,513378,0,0,192,2025-12-08
yt_unknown_numb_(official_music_video)_[4k_upgrade]_–_linkin_park,Numb (Official Music Video) [4K UPGRADE] – Linkin Park,Unknown,512876,0,0,193,2025-12-08
"yt_vibe_undi_lyrical_|_mirai_|_teja_sajja,_ritika_nayak_|_karthik_gattamneni_|gowra_hari|armaan_mali","Lyrical | Mirai | Teja Sajja, Ritika Nayak | Karthik Gattamneni |Gowra Hari|Armaan Malik",Vibe Undi,511989,0,0,194,2025-12-08
yt_bessan_ismail_x_fouad_jned_خطية_(official_music_video)_|_بيسان_اسماعيل_و_فؤاد_جنيد,خطية (Official Music Video) | بيسان اسماعيل و فؤاد جنيد,Bessan Ismail x Fouad Jned,511657,0,0,195,2025-12-08
yt_fadel_chaker_ahla_rasma__|_2025_|_فضل_شاكر_-_أحلى_رسمه,Ahla Rasma  | 2025 | فضل شاكر - أحلى رسمه,Fadel Chaker,510826,0,0,196,2025-12-08
"yt_bum_bum_bole_(full_song)_film_taare_zameen_par_|__shaan,_aamir_khan","Taare Zameen Par |  Shaan, Aamir Khan",Bum Bum Bole (Full Song) Film,509458,0,0,197,2025-12-08
yt_justin_bieber_baby_ft._ludacris,Baby ft. Ludacris,Justin Bieber,507829,0,0,198,2025-12-08
yt_henrique_e_juliano_última_saudade_(manifesto_musical_2),ÚLTIMA SAUDADE (Manifesto Musical 2),Henrique e Juliano,506606,0,0,199,2025-12-08
yt_chayanne_bailando_bachata_(official_video),Bailando Bachata (Official Video),Chayanne,503217,0,0,200,2025-12-08
