song_id,song_name,artist_name,streams,playlist_adds,chart_position,collection_date
am_kendrick_lamar_not_like_us,Not Like Us,Kendrick Lamar,18599,0,1,2025-03-02
am_lady_gaga_&_bruno_mars_die_with_a_smile,Die With A Smile,Lady Gaga & Bruno Mars,18094,0,2,2025-03-02
am_rosé_&_bruno_mars_apt.,APT.,ROSÉ & Bruno Mars,18049,0,3,2025-03-02
am_kendrick_lamar_&_sza_luther,luther,Kendrick Lamar & SZA,15853,0,4,2025-03-02
am_billie_eilish_birds_of_a_feather,BIRDS OF A FEATHER,Billie Eilish,13403,0,5,2025-03-02
am_lola_young_messy,Messy,Lola Young,12121,0,6,2025-03-02
am_gracie_abrams_that’s_so_true,That’s So True,Gracie Abrams,11962,0,7,2025-03-02
am_lady_gaga_abracadabra,Abracadabra,Lady Gaga,10680,0,8,2025-03-02
am_the_weeknd_&_playboi_carti_timeless,Timeless,The Weeknd & Playboi Carti,10349,0,9,2025-03-02
am_benson_boone_beautiful_things,Beautiful Things,Benson Boone,9801,0,10,2025-03-02
am_tate_mcrae_revolving_door,Revolving door,Tate McRae,9719,0,11,2025-03-02
am_tate_mcrae_sports_car,Sports car,Tate McRae,9178,0,12,2025-03-02
am_sabrina_carpenter_espresso,Espresso,Sabrina Carpenter,9156,0,13,2025-03-02
am_billie_eilish_wildflower,WILDFLOWER,Billie Eilish,8992,0,14,2025-03-02
am_the_weeknd_cry_for_me,Cry For Me,The Weeknd,8731,0,15,2025-03-02
am_bad_bunny_dtmf,DtMF,Bad Bunny,7880,0,16,2025-03-02
am_kendrick_lamar_tv_off,tv off,Kendrick Lamar,7838,0,17,2025-03-02
am_shaboozey_a_bar_song,A Bar Song,Shaboozey,7482,0,18,2025-03-02
"am_kendrick_lamar,_sza_all_the_stars",All The Stars,"Kendrick Lamar, SZA",7468,0,19,2025-03-02
am_chappell_roan_pink_pony_club,Pink Pony Club,Chappell Roan,7290,0,20,2025-03-02
am_drake_nokia,NOKIA,Drake,7231,0,21,2025-03-02
am_teddy_swims_lose_control,Lose Control,Teddy Swims,6605,0,22,2025-03-02
am_sleepy_hallow_a_n_x_i_e_t_y,A N X I E T Y,Sleepy Hallow,6170,0,23,2025-03-02
am_sza_30_for_30,30 For 30,SZA,6166,0,24,2025-03-02
am_teddy_swims_bad_dreams,Bad Dreams,Teddy Swims,5774,0,25,2025-03-02
am_sabrina_carpenter_taste,Taste,Sabrina Carpenter,5769,0,26,2025-03-02
"am_chappell_roan_good_luck,_babe","Good Luck, Babe",Chappell Roan,5636,0,27,2025-03-02
am_post_malone_i_had_some_help,I Had Some Help,Post Malone,4686,0,28,2025-03-02
am_bad_bunny_nuevayol,NUEVAYoL,Bad Bunny,4627,0,29,2025-03-02
am_bad_bunny_baile_inolvidable,BAILE INoLVIDABLE,Bad Bunny,4497,0,30,2025-03-02
am_hozier_too_sweet,Too Sweet,Hozier,4389,0,31,2025-03-02
am_lisa_born_again,Born Again,LISA,4076,0,32,2025-03-02
am_gigi_perez_sailor_song,Sailor Song,Gigi Perez,4033,0,33,2025-03-02
"am_partynextdoor,_drake_&_yebba_die_trying",DIE TRYING,"PARTYNEXTDOOR, Drake & Yebba",3974,0,34,2025-03-02
am_alex_warren_ordinary,Ordinary,Alex Warren,3794,0,35,2025-03-02
am_tate_mcrae_it's_ok_i'm_ok,It's ok I'm ok,Tate McRae,3719,0,36,2025-03-02
am_chrystal_&_notion_the_days,The Days,CHRYSTAL & NOTION,3699,0,37,2025-03-02
am_sabrina_carpenter_please_please_please,Please Please Please,Sabrina Carpenter,3602,0,38,2025-03-02
am_the_weeknd_&_anitta_são_paulo,São Paulo,The Weeknd & Anitta,3589,0,39,2025-03-02
am_jennie_&_doechii_extral,ExtraL,JENNIE & Doechii,3572,0,40,2025-03-02
am_myles_smith_stargazing,Stargazing,Myles Smith,3439,0,41,2025-03-02
am_drake_gimme_a_hug,GIMME A HUG,Drake,3389,0,42,2025-03-02
am_billie_eilish_chihiro,CHIHIRO,Billie Eilish,3346,0,43,2025-03-02
am_kendrick_lamar_squabble_up,squabble up,Kendrick Lamar,3318,0,44,2025-03-02
am_partynextdoor_&_drake_somebody_loves_me,SOMEBODY LOVES ME,PARTYNEXTDOOR & Drake,3187,0,45,2025-03-02
am_tate_mcrae_dear_god,Dear god,Tate McRae,3185,0,46,2025-03-02
am_tate_mcrae_miss_possessive,Miss possessive,Tate McRae,3181,0,47,2025-03-02
am_aespa_whiplash,Whiplash,aespa,3158,0,48,2025-03-02
am_tate_mcrae_i_know_love,I know love,Tate McRae,3151,0,49,2025-03-02
am_bad_bunny_voy_a_llevarte_pa_pr,VOY A LLeVARTE PA PR,Bad Bunny,3108,0,50,2025-03-02
am_sabrina_carpenter_busy_woman,Busy Woman,Sabrina Carpenter,3060,0,51,2025-03-02
am_doechii_denial_is_a_river,DENIAL IS A RIVER,Doechii,3056,0,52,2025-03-02
am_karol_g_si_antes_te_hubiera_conocido,Si Antes Te Hubiera Conocido,KAROL G,2910,0,53,2025-03-02
am_morgan_wallen_i'm_the_problem,I'm The Problem,Morgan Wallen,2796,0,54,2025-03-02
am_partynextdoor_&_drake_cn_tower,CN TOWER,PARTYNEXTDOOR & Drake,2737,0,55,2025-03-02
am_tate_mcrae_purple_lace_bra,Purple lace bra,Tate McRae,2720,0,56,2025-03-02
am_sza_snooze,Snooze,SZA,2605,0,57,2025-03-02
am_sabrina_carpenter_bed_chem,Bed Chem,Sabrina Carpenter,2573,0,58,2025-03-02
am_coldplay_viva_la_vida,Viva La Vida,Coldplay,2558,0,59,2025-03-02
am_oimara_wackelkontakt,Wackelkontakt,Oimara,2535,0,60,2025-03-02
am_tate_mcrae_2_hands,2 hands,Tate McRae,2435,0,61,2025-03-02
am_hearts2hearts_the_chase,The Chase,Hearts2Hearts,2418,0,62,2025-03-02
am_taylor_swift_cruel_summer,Cruel Summer,Taylor Swift,2331,0,63,2025-03-02
am_ed_sheeran_perfect,Perfect,Ed Sheeran,2451,0,64,2025-03-02
am_g-dragon_home_sweet_home,HOME SWEET HOME,G-DRAGON,2278,0,65,2025-03-02
am_teddy_swims_the_door,The Door,Teddy Swims,2278,0,66,2025-03-02
am_the_weeknd_blinding_lights,Blinding Lights,The Weeknd,2219,0,67,2025-03-02
am_babymonster_drip,DRIP,BABYMONSTER,2204,0,68,2025-03-02
am_partynextdoor_&_drake_something_about_you,SOMETHING ABOUT YOU,PARTYNEXTDOOR & Drake,2188,0,69,2025-03-02
am_bad_bunny_eoo,EoO,Bad Bunny,2165,0,70,2025-03-02
am_benson_boone_sorry_i'm_here_for_someone_else,Sorry I'm Here For Someone Else,Benson Boone,2122,0,71,2025-03-02
am_dasha_austin,Austin,Dasha,2082,0,72,2025-03-02
am_kendrick_lamar_peekaboo,peekaboo,Kendrick Lamar,2081,0,73,2025-03-02
"am_bad_bunny,_omar_courtz_&_dei_v_veldá",VeLDÁ,"Bad Bunny, Omar Courtz & Dei V",2053,0,74,2025-03-02
am_ayliva_wie,Wie,AYLIVA,2049,0,75,2025-03-02
am_linkin_park_the_emptiness_machine,The Emptiness Machine,LINKIN PARK,2044,0,76,2025-03-02
am_gims_ninao,NINAO,GIMS,2044,0,77,2025-03-02
am_myles_smith_nice_to_meet_you,Nice To Meet You,Myles Smith,2032,0,78,2025-03-02
am_gims_ciel,CIEL,GIMS,2027,0,79,2025-03-02
am_ed_sheeran_shape_of_you,Shape of You,Ed Sheeran,2630,0,80,2025-03-02
am_noah_kahan_stick_season,Stick Season,Noah Kahan,2000,0,81,2025-03-02
am_the_killers_mr._brightside,Mr. Brightside,The Killers,1986,0,82,2025-03-02
am_dua_lipa_new_rules,New Rules,Dua Lipa,1964,0,83,2025-03-02
am_zartmann_tau_mich_auf,tau mich auf,Zartmann,1960,0,84,2025-03-02
am_g-dragon_drama,DRAMA,G-DRAGON,1913,0,85,2025-03-02
am_fleetwood_mac_dreams,Dreams,Fleetwood Mac,1909,0,86,2025-03-02
am_partynextdoor_deeper,DEEPER,PARTYNEXTDOOR,1906,0,87,2025-03-02
am_g-dragon_take_me,TAKE ME,G-DRAGON,1874,0,88,2025-03-02
am_rosé_toxic_till_the_end,toxic till the end,ROSÉ,1829,0,89,2025-03-02
am_coldplay_a_sky_full_of_stars,A Sky Full of Stars,Coldplay,1828,0,90,2025-03-02
am_khalil_fong_愛愛愛,愛愛愛,Khalil Fong,1822,0,91,2025-03-02
am_方大同_才二十三,才二十三,方大同,1806,0,92,2025-03-02
am_jennie_&_dominic_fike_love_hangover,Love Hangover,JENNIE & Dominic Fike,1795,0,93,2025-03-02
am_rauw_alejandro_&_bad_bunny_qué_pasaría...,Qué Pasaría...,Rauw Alejandro & Bad Bunny,1794,0,94,2025-03-02
"am_hugel,_topic_&_arash_i_adore_you",I Adore You,"HUGEL, Topic & Arash",1770,0,95,2025-03-02
am_bad_bunny_tití_me_preguntó,Tití Me Preguntó,Bad Bunny,1734,0,96,2025-03-02
am_kendrick_lamar_humble.,HUMBLE.,Kendrick Lamar,1724,0,97,2025-03-02
am_khalil_fong_特別的人,特別的人,Khalil Fong,1724,0,98,2025-03-02
"am_gracie_abrams_i_love_you,_i'm_sorry","I Love You, I'm Sorry",Gracie Abrams,1700,0,99,2025-03-02
am_partynextdoor_&_drake_spider-man_superman,SPIDER-MAN SUPERMAN,PARTYNEXTDOOR & Drake,1679,0,100,2025-03-02
am_floyymenor_&_cris_mj_gata_only,Gata Only,floyymenor & Cris Mj,1676,0,101,2025-03-02
am_jimin_who,Who,Jimin,1672,0,102,2025-03-02
am_neton_vega_loco,Loco,Neton Vega,1672,0,103,2025-03-02
am_lbi利比(時柏塵)_jumping_machine,Jumping Machine,LBI利比(時柏塵),1658,0,104,2025-03-02
am_morgan_wallen_love_somebody,Love Somebody,Morgan Wallen,1652,0,105,2025-03-02
am_partynextdoor_&_drake_moth_balls,MOTH BALLS,PARTYNEXTDOOR & Drake,1644,0,106,2025-03-02
am_gims_&_dystinct_spider,SPIDER,GIMS & DYSTINCT,1635,0,107,2025-03-02
am_gims_sois_pas_timide,SOIS PAS TIMIDE,GIMS,1619,0,108,2025-03-02
am_yung_kai_blue,blue,yung kai,1616,0,109,2025-03-02
am_sza_good_days,Good Days,SZA,1594,0,110,2025-03-02
am_khalil_fong_love_song,Love Song,Khalil Fong,1586,0,111,2025-03-02
am_lisa_fxck_up_the_world,FXCK UP THE WORLD,LISA,1580,0,112,2025-03-02
am_drake_raining_in_houston,RAINING IN HOUSTON,Drake,1580,0,113,2025-03-02
am_morgenshtern_повод,ПОВОД,MORGENSHTERN,1547,0,114,2025-03-02
am_l2b_pélican,Pélican,L2B,1538,0,115,2025-03-02
am_keblack_mood,Mood,KeBlack,1532,0,116,2025-03-02
"am_sonny_fodera,_jazzy_&_d.o.d_somedays",Somedays,"Sonny Fodera, Jazzy & D.O.D",1529,0,117,2025-03-02
am_olly_balorda_nostalgia,Balorda nostalgia,Olly,1523,0,118,2025-03-02
am_fuerza_regida_&_grupo_frontera_me_jalo,ME JALO,Fuerza Regida & Grupo Frontera,1516,0,119,2025-03-02
am_g-dragon_ibelongiiu,IBELONGIIU,G-DRAGON,1513,0,120,2025-03-02
am_khalil_fong_red_bean,Red Bean,Khalil Fong,1505,0,121,2025-03-02
am_mrs._green_apple_ライラック,ライラック,Mrs. GREEN APPLE,1500,0,122,2025-03-02
am_bad_bunny_kloufrens,KLOuFRENS,Bad Bunny,1494,0,123,2025-03-02
am_tate_mcrae_signs,Signs,Tate McRae,1490,0,124,2025-03-02
am_fuerza_regida_por_esos_ojos,Por Esos Ojos,Fuerza Regida,1488,0,125,2025-03-02
am_morgan_wallen_smile,Smile,Morgan Wallen,1481,0,126,2025-03-02
am_timelesz_rock_this_party,Rock this Party,timelesz,1470,0,127,2025-03-02
am_mrs._green_apple_ダーリン,ダーリン,Mrs. GREEN APPLE,1442,0,128,2025-03-02
am_khalil_fong_三人遊,三人遊,Khalil Fong,1442,0,129,2025-03-02
am_jisoo_earthquake,earthquake,JISOO,1430,0,130,2025-03-02
am_tate_mcrae_siren_sounds,Siren sounds,Tate McRae,1428,0,131,2025-03-02
am_bad_bunny_moscow_mule,Moscow Mule,Bad Bunny,1416,0,132,2025-03-02
am_mrs._green_apple_soranji,Soranji,Mrs. GREEN APPLE,1414,0,133,2025-03-02
am_sdm_cartier_santos,CARTIER SANTOS,SDM,1414,0,134,2025-03-02
"am_pimmie,_partynextdoor_&_drake_pimmie's_dilemma",PIMMIE'S DILEMMA,"Pimmie, PARTYNEXTDOOR & Drake",1402,0,135,2025-03-02
am_alleh_&_yorghaki_capaz,capaz,Alleh & Yorghaki,1390,0,136,2025-03-02
am_サカナクション_怪獣,怪獣,サカナクション,1386,0,137,2025-03-02
am_querbeat_nie_mehr_fastelovend,Nie mehr Fastelovend,Querbeat,1386,0,138,2025-03-02
am_vance_joy_riptide,Riptide,Vance Joy,1381,0,139,2025-03-02
am_abor_&_tynna_baller,Baller,Abor & Tynna,1369,0,140,2025-03-02
am_skryptonite_не_расслабляйся,не расслабляйся,Skryptonite,1369,0,141,2025-03-02
am_tate_mcrae_bloodonmyhands,bloodonmyhands,Tate McRae,1368,0,142,2025-03-02
am_timelesz_run,RUN,timelesz,1360,0,143,2025-03-02
am_rauw_alejandro_&_romeo_santos_khé,Khé,Rauw Alejandro & Romeo Santos,1358,0,144,2025-03-02
am_beéle_&_ovy_on_the_drums_mi_refe,Mi Refe,Beéle & Ovy On the Drums,1351,0,145,2025-03-02
am_pawsa_&_the_adventures_of_stevie_v_dirty_cash,Dirty Cash,PAWSA & The Adventures of Stevie V,1350,0,146,2025-03-02
am_sam_fender_people_watching,People Watching,Sam Fender,1348,0,147,2025-03-02
am_mrs._green_apple_ケセラセラ,ケセラセラ,Mrs. GREEN APPLE,1333,0,148,2025-03-02
"am_brings_polka,_polka,_polka","Polka, Polka, Polka",Brings,1333,0,149,2025-03-02
am_tom_odell_another_love,Another Love,Tom Odell,1325,0,150,2025-03-02
am_bad_bunny_&_chuwi_weltita,WELTiTA,Bad Bunny & Chuwi,1325,0,151,2025-03-02
am_helene_fischer_&_florian_silbereisen_schau_mal_herein,Schau mal herein,Helene Fischer & Florian Silbereisen,1323,0,152,2025-03-02
am_the_weeknd_dancing_in_the_flames,Dancing In The Flames,The Weeknd,1317,0,153,2025-03-02
am_lisa_moonlit_floor,Moonlit Floor,LISA,1308,0,154,2025-03-02
am_miljö_wolkeplatz,Wolkeplatz,Miljö,1307,0,155,2025-03-02
am_luke_combs_fast_car,Fast Car,Luke Combs,1306,0,156,2025-03-02
am_giorgia_la_cura_per_me,LA CURA PER ME,Giorgia,1299,0,157,2025-03-02
am_morgenshtern_дом,ДОМ,MORGENSHTERN,1289,0,158,2025-03-02
am_the_goo_goo_dolls_iris,Iris,The Goo Goo Dolls,1283,0,159,2025-03-02
am_mrs._green_apple_ビターバカンス,ビターバカンス,Mrs. GREEN APPLE,1282,0,160,2025-03-02
am_oasis_wonderwall,Wonderwall,Oasis,1281,0,161,2025-03-02
am_lisa_lifestyle,Lifestyle,LISA,1276,0,162,2025-03-02
am_khalil_fong_好不容易,好不容易,Khalil Fong,1269,0,163,2025-03-02
am_ayliva_&_apache_207_wunder,Wunder,AYLIVA & Apache 207,1268,0,164,2025-03-02
am_khalil_fong_my_only_girl,My Only Girl,Khalil Fong,1266,0,165,2025-03-02
am_lisa_dream,Dream,LISA,1258,0,166,2025-03-02
am_mrs._green_apple_青と夏,青と夏,Mrs. GREEN APPLE,1257,0,167,2025-03-02
am_g-dragon_&_anderson_.paak_too_bad,TOO BAD,G-DRAGON & Anderson .Paak,1257,0,168,2025-03-02
am_morgan_wallen_last_night,Last Night,Morgan Wallen,1255,0,169,2025-03-02
am_g-dragon_보나마나,보나마나,G-DRAGON,1243,0,170,2025-03-02
am_bausa_&_jazeek_wenn_der_himmel_weint,Wenn der Himmel weint,Bausa & Jazeek,1240,0,171,2025-03-02
am_franglish_&_dinos_la_pluie,La Pluie,Franglish & Dinos,1238,0,172,2025-03-02
am_journey_don't_stop_believin',Don't Stop Believin',Journey,1238,0,173,2025-03-02
am_billie_eilish_ocean_eyes,ocean eyes,Billie Eilish,1234,0,174,2025-03-02
am_mrs._green_apple_僕のこと,僕のこと,Mrs. GREEN APPLE,1233,0,175,2025-03-02
am_joé_dwèt_filé_4_kampé,4 Kampé,Joé Dwèt Filé,1228,0,176,2025-03-02
am_chappell_roan_hot_to_go,HOT TO GO,Chappell Roan,1223,0,177,2025-03-02
am_jakone_&_kiliana_асфальт,Асфальт,Jakone & Kiliana,1220,0,178,2025-03-02
am_drake_small_town_fame,SMALL TOWN FAME,Drake,1218,0,179,2025-03-02
am_jennie_mantra,Mantra,JENNIE,1213,0,180,2025-03-02
"am_future,_metro_boomin_&_kendrick_lamar_like_that",Like That,"Future, Metro Boomin & Kendrick Lamar",1211,0,181,2025-03-02
am_timelesz_ぎゅっと,ぎゅっと,timelesz,1209,0,182,2025-03-02
am_voxxclub_leev_marie,Leev Marie,voXXclub,1209,0,183,2025-03-02
am_kendrick_lamar_money_trees,Money Trees,Kendrick Lamar,1205,0,184,2025-03-02
am_fedez_battito,BATTITO,Fedez,1205,0,185,2025-03-02
am_v_&_park_hyo_shin_winter_ahead,Winter Ahead,V & Park Hyo Shin,1204,0,186,2025-03-02
"am_w_sound,_beéle_&_ovy_on_the_drums_la_plena",La Plena,"W Sound, Beéle & Ovy On the Drums",1202,0,187,2025-03-02
am_illit_magnetic,Magnetic,ILLIT,1200,0,188,2025-03-02
am_gims_diana,DIANA,GIMS,1199,0,189,2025-03-02
"am_macklemore_&_ryan_lewis,_macklemore_&_ryan_lewis_can't_hold_us",Can't Hold Us,"Macklemore & Ryan Lewis, Macklemore & Ryan Lewis",1192,0,190,2025-03-02
am_rim'k_&_sdm_run,Run,Rim'K & SDM,1189,0,191,2025-03-02
am_vaundy_怪獣の花唄,怪獣の花唄,Vaundy,1186,0,192,2025-03-02
am_morgenshtern_красный_флаг,КРАСНЫЙ ФЛАГ,MORGENSHTERN,1186,0,193,2025-03-02
"am_geegun,_artik_&_asti_&_niletto_худи",Худи,"GeeGun, Artik & Asti & NILETTO",1180,0,194,2025-03-02
am_lisa_elastigirl,Elastigirl,LISA,1180,0,195,2025-03-02
am_tate_mcrae_greedy,greedy,Tate McRae,1173,0,196,2025-03-02
am_artemas_i_like_the_way_you_kiss_me,i like the way you kiss me,Artemas,1171,0,197,2025-03-02
am_gazo_nanani_nanana,NANANI NANANA,Gazo,1170,0,198,2025-03-02
am_rosé_number_one_girl,number one girl,ROSÉ,1167,0,199,2025-03-02
am_g-dragon_gyro-drop,GYRO-DROP,G-DRAGON,1165,0,200,2025-03-02
