song_name,artist_name,digital_sales,physical_sales,total_sales,collection_date_it,sales_ma7,sales_ma14,sales_delta,sales_delta_7d,sales_momentum,song_id,streams,playlist_adds,chart_position,collection_date_am,streams_ma7,streams_ma14,streams_delta,streams_delta_7d,streams_momentum,prob_reach_number_1,as_of
12 to 12,sombr,119.0,0.0,119.0,2025-12-08,116.85714285714286,113.42857142857143,0.0,6.0,1.0302267002518892,am_sombr_12_to_12,2995.0,0.0,45.0,2025-12-08,3784.4285714285716,4176.928571428572,0.0,-792.0,0.9060314311609693,4.5394389637906744e-05,2025-12-09 00:52:50.848964+00:00
30 For 30,SZA,0.0,,,,0.0,0.0,0.0,0.0,0.0,am_sza_30_for_30,1417.0,0.0,136.0,2025-12-08,1514.2857142857142,1468.2142857142858,0.0,179.0,1.0313792264655801,0.0001012495949266463,2025-12-09 00:52:50.848964+00:00
33 Max Verstappen,Carte Blanq & Maxx Power,29.0,0.0,29.0,2025-12-08,26.857142857142858,23.428571428571427,0.0,6.0,1.1463414634146343,,0.0,,,,0.0,0.0,0.0,0.0,0.0,4.3266585591572224e-05,2025-12-09 00:52:50.848964+00:00
A Bar Song,Shaboozey,605.0,0.0,605.0,2025-12-08,602.8571428571429,599.4285714285714,0.0,6.0,1.005719733079123,am_shaboozey_a_bar_song,2042.0,0.0,87.0,2025-12-08,2507.285714285714,2551.1428571428573,0.0,35.0,0.9828088251763915,3.804395949605313e-05,2025-12-09 00:52:50.848964+00:00
A Couple Minutes,Olivia Dean,0.0,,,,0.0,0.0,0.0,0.0,0.0,am_olivia_dean_a_couple_minutes,1648.0,0.0,110.0,2025-12-08,2071.285714285714,2318.1428571428573,0.0,-643.0,0.8935108153078202,3.992830252026507e-05,2025-12-09 00:52:50.848964+00:00
A Holly Jolly Christmas,Burl Ives,0.0,,,,0.0,0.0,0.0,0.0,0.0,am_burl_ives_a_holly_jolly_christmas,2254.0,0.0,70.0,2025-12-08,2013.5714285714287,3244.4285714285716,0.0,-2544.0,0.6206243670468056,3.992830252026507e-05,2025-12-09 00:52:50.848964+00:00
A Thousand Years,Christina Perri,2585.0,0.0,2585.0,2025-12-08,2582.8571428571427,2579.4285714285716,0.0,6.0,1.0013291980505095,,0.0,,,,0.0,0.0,0.0,0.0,0.0,3.805670457628653e-05,2025-12-09 00:52:50.848964+00:00
AI NO KATAMARI,DOMOTO,5.0,0.0,5.0,2025-12-08,3.3333333333333335,3.3333333333333335,0.0,0.0,1.0,,0.0,,,,0.0,0.0,0.0,0.0,0.0,3.805670457628653e-05,2025-12-09 00:52:50.848964+00:00
ANSIEDAD,Fuerza Regida,0.0,,,,0.0,0.0,0.0,0.0,0.0,am_fuerza_regida_ansiedad,1131.0,0.0,185.0,2025-12-08,1128.2857142857142,1155.4285714285713,0.0,3.0,0.9765084075173096,3.804395949605313e-05,2025-12-09 00:52:50.848964+00:00
APT.,ROSÉ & Bruno Mars,416.0,0.0,416.0,2025-12-08,413.85714285714283,410.42857142857144,0.0,6.0,1.0083536373129132,am_rosé_&_bruno_mars_apt.,3568.0,0.0,38.0,2025-12-08,3777.1428571428573,3426.214285714286,0.0,853.0,1.1024245835678697,0.0001012495949266463,2025-12-09 00:52:50.848964+00:00
Abracadabra,Lady Gaga,308.0,0.0,308.0,2025-12-08,305.85714285714283,302.42857142857144,0.0,6.0,1.0113367973547471,am_lady_gaga_abracadabra,1836.0,0.0,96.0,2025-12-08,2144.4285714285716,2130.4285714285716,0.0,293.0,1.0065714477301684,3.804395949605313e-05,2025-12-09 00:52:50.848964+00:00
All I Want For Christmas Is You,Mariah Carey,0.0,,,,0.0,0.0,0.0,0.0,0.0,am_mariah_carey_all_i_want_for_christmas_is_you,15265.0,0.0,3.0,2025-12-08,13940.57142857143,12615.714285714286,0.0,1881.0,1.105016419431548,0.002231748044072952,2025-12-09 00:52:50.848964+00:00
All I Want for Christmas Is You,Mariah Carey,814.0,0.0,814.0,2025-12-08,811.8571428571429,808.4285714285714,0.0,6.0,1.0042410319844495,,0.0,,,,0.0,0.0,0.0,0.0,0.0,3.805670457628653e-05,2025-12-09 00:52:50.848964+00:00
Always Remember Us This Way,Lady Gaga,2277.0,0.0,2277.0,2025-12-08,2274.8571428571427,2271.4285714285716,0.0,6.0,1.001509433962264,,0.0,,,,0.0,0.0,0.0,0.0,0.0,3.805670457628653e-05,2025-12-09 00:52:50.848964+00:00
Another Love,Tom Odell,617.0,0.0,617.0,2025-12-08,614.8571428571429,611.4285714285714,0.0,6.0,1.005607476635514,,0.0,,,,0.0,0.0,0.0,0.0,0.0,3.805670457628653e-05,2025-12-09 00:52:50.848964+00:00
Anpanman,BTS,22.0,0.0,22.0,2025-12-08,22.0,22.0,0.0,0.0,1.0,,0.0,,,,0.0,0.0,0.0,0.0,0.0,3.805670457628653e-05,2025-12-09 00:52:50.848964+00:00
Atlas,Guns N' Roses,3.0,0.0,3.0,2025-12-08,2.25,2.25,0.0,0.0,1.0,,0.0,,,,0.0,0.0,0.0,0.0,0.0,3.805670457628653e-05,2025-12-09 00:52:50.848964+00:00
BAD LOVE,HANA,0.0,,,,0.0,0.0,0.0,0.0,0.0,am_hana_bad_love,1209.0,0.0,166.0,2025-12-08,1233.2857142857142,1236.642857142857,0.0,-73.0,0.9972852769595102,3.804395949605313e-05,2025-12-09 00:52:50.848964+00:00
BAILE INoLVIDABLE,Bad Bunny,0.0,,,,0.0,0.0,0.0,0.0,0.0,am_bad_bunny_baile_inolvidable,2587.0,0.0,57.0,2025-12-08,2651.5714285714284,2393.785714285714,0.0,589.0,1.1076895533076716,0.0001012495949266463,2025-12-09 00:52:50.848964+00:00
BBUU,PLAVE,7.0,0.0,7.0,2025-12-08,4.857142857142857,4.375,0.0,6.0,1.110204081632653,,0.0,,,,0.0,0.0,0.0,0.0,0.0,4.3266585591572224e-05,2025-12-09 00:52:50.848964+00:00
BDR,Jul,0.0,,,,0.0,0.0,0.0,0.0,0.0,am_jul_bdr,1124.0,0.0,188.0,2025-12-08,1131.3333333333333,1131.3333333333333,0.0,0.0,1.0,3.804395949605313e-05,2025-12-09 00:52:50.848964+00:00
BIRDS OF A FEATHER,Billie Eilish,570.0,0.0,570.0,2025-12-08,567.8571428571429,564.4285714285714,0.0,6.0,1.006074411541382,am_billie_eilish_birds_of_a_feather,3182.0,0.0,41.0,2025-12-08,3903.5714285714284,3622.714285714286,0.0,401.0,1.0775267163531685,0.0001012495949266463,2025-12-09 00:52:50.848964+00:00
BLOQUÉ,GIMS & L2B,0.0,,,,0.0,0.0,0.0,0.0,0.0,am_gims_&_l2b_bloqué,1461.0,0.0,132.0,2025-12-08,1518.142857142857,1483.4285714285713,0.0,-33.0,1.0234013867488445,0.00012063786048748808,2025-12-09 00:52:50.848964+00:00
Baby Steps,Olivia Dean,0.0,,,,0.0,0.0,0.0,0.0,0.0,am_olivia_dean_baby_steps,1135.0,0.0,184.0,2025-12-08,1396.857142857143,1648.357142857143,0.0,-384.0,0.8474238419205269,3.992830252026507e-05,2025-12-09 00:52:50.848964+00:00
"Baby, It's Cold Outside",John Legend,0.0,,,,0.0,0.0,0.0,0.0,0.0,"am_john_legend_baby,_it's_cold_outside",1184.0,0.0,173.0,2025-12-08,1649.6,1649.6,0.0,0.0,1.0,3.804395949605313e-05,2025-12-09 00:52:50.848964+00:00
Bad Dreams,Teddy Swims,449.0,0.0,449.0,2025-12-08,446.85714285714283,443.42857142857144,0.0,6.0,1.0077319587628866,,0.0,,,,0.0,0.0,0.0,0.0,0.0,3.805670457628653e-05,2025-12-09 00:52:50.848964+00:00
Bad Romance,Lady GaGa,304.0,0.0,304.0,2025-12-08,303.6666666666667,303.6666666666667,0.0,0.0,1.0,,0.0,,,,0.0,0.0,0.0,0.0,0.0,3.805670457628653e-05,2025-12-09 00:52:50.848964+00:00
Ballon D'or,Le Crime & Leto,0.0,,,,0.0,0.0,0.0,0.0,0.0,am_le_crime_&_leto_ballon_d'or,1116.0,0.0,191.0,2025-12-08,1212.7142857142858,1201.0,0.0,-3.0,1.009753776614726,3.804395949605313e-05,2025-12-09 00:52:50.848964+00:00
Be Mine,KAMRAD,186.0,0.0,186.0,2025-12-08,183.85714285714286,180.42857142857142,0.0,6.0,1.0190023752969122,,0.0,,,,0.0,0.0,0.0,0.0,0.0,3.805670457628653e-05,2025-12-09 00:52:50.848964+00:00
Beautiful Things,Benson Boone,689.0,0.0,689.0,2025-12-08,686.8571428571429,683.4285714285714,0.0,6.0,1.0050167224080269,am_benson_boone_beautiful_things,3500.0,0.0,39.0,2025-12-08,4209.285714285715,4451.428571428572,0.0,-416.0,0.9456033376123235,3.991493067231563e-05,2025-12-09 00:52:50.848964+00:00
Believer,Imagine Dragons,2389.0,0.0,2389.0,2025-12-08,2386.8571428571427,2383.4285714285716,0.0,6.0,1.0014385039558857,,0.0,,,,0.0,0.0,0.0,0.0,0.0,3.805670457628653e-05,2025-12-09 00:52:50.848964+00:00
Berghain,"ROSALÍA, Björk & Yves Tumor",41.0,0.0,41.0,2025-12-08,38.857142857142854,35.42857142857143,0.0,6.0,1.096774193548387,"am_rosalía,_björk_&_yves_tumor_berghain",1687.0,0.0,105.0,2025-12-08,2242.285714285714,2827.5714285714284,0.0,-808.0,0.7930076289597332,4.5394389637906744e-05,2025-12-09 00:52:50.848964+00:00
Better Me For You,Max McNown,244.0,0.0,244.0,2025-12-08,241.85714285714286,238.42857142857142,0.0,6.0,1.0143798681845417,,0.0,,,,0.0,0.0,0.0,0.0,0.0,3.805670457628653e-05,2025-12-09 00:52:50.848964+00:00
Blinding Lights,The Weeknd,0.0,,,,0.0,0.0,0.0,0.0,0.0,am_the_weeknd_blinding_lights,2119.0,0.0,134.0,2025-12-08,2116.8571428571427,2113.4285714285716,0.0,6.0,1.0016222793024196,3.804395949605313e-05,2025-12-09 00:52:50.848964+00:00
Blue Christmas,Elvis Presley,0.0,,,,0.0,0.0,0.0,0.0,0.0,am_elvis_presley_blue_christmas,1629.0,0.0,113.0,2025-12-08,2369.285714285714,1959.357142857143,0.0,-546.0,1.2092158506798876,0.0001062522144368655,2025-12-09 00:52:50.848964+00:00
Blue Jeans,HANA,122.0,0.0,122.0,2025-12-08,119.85714285714286,116.42857142857143,0.0,6.0,1.0294478527607362,am_hana_blue_jeans,1414.0,0.0,137.0,2025-12-08,1430.0,1401.0714285714287,0.0,-28.0,1.0206474636757583,6.400496935872384e-05,2025-12-09 00:52:50.848964+00:00
Blue Valentine,NMIXX,0.0,,,,0.0,0.0,0.0,0.0,0.0,am_nmixx_blue_valentine,1194.0,0.0,169.0,2025-12-08,1229.142857142857,1266.0,0.0,-73.0,0.970886932972241,3.804395949605313e-05,2025-12-09 00:52:50.848964+00:00
Body Down,Stanley Simmons,2.0,0.0,2.0,2025-12-08,1.6666666666666667,1.6666666666666667,0.0,0.0,1.0,,0.0,,,,0.0,0.0,0.0,0.0,0.0,3.805670457628653e-05,2025-12-09 00:52:50.848964+00:00
C'est l'amour que j'attendais,Johnny Hallyday & Michel Berger,4.0,0.0,4.0,2025-12-08,2.8,2.8,0.0,0.0,1.0,,0.0,,,,0.0,0.0,0.0,0.0,0.0,3.805670457628653e-05,2025-12-09 00:52:50.848964+00:00
CHANEL,Tyla,28.0,0.0,28.0,2025-12-08,25.857142857142858,22.428571428571427,0.0,6.0,1.1528662420382167,am_tyla_chanel,2838.0,0.0,48.0,2025-12-08,3061.1428571428573,3172.714285714286,0.0,-267.0,0.9648340762753839,4.325209581273125e-05,2025-12-09 00:52:50.848964+00:00
CHARISMAX,Snow Man,84.0,0.0,84.0,2025-12-08,81.85714285714286,78.42857142857143,0.0,6.0,1.0437158469945356,am_snow_man_charismax,1097.0,0.0,198.0,2025-12-08,1105.8,1105.8,0.0,0.0,1.0,4.325209581273125e-05,2025-12-09 00:52:50.848964+00:00
Carol of the Bells,John Williams,44.0,0.0,44.0,2025-12-08,41.857142857142854,40.888888888888886,0.0,6.0,1.0236801242236024,,0.0,,,,0.0,0.0,0.0,0.0,0.0,3.805670457628653e-05,2025-12-09 00:52:50.848964+00:00
Choosin' Texas,Ella Langley,52.0,0.0,52.0,2025-12-08,49.857142857142854,46.42857142857143,0.0,6.0,1.0738461538461537,am_ella_langley_choosin'_texas,2083.0,0.0,84.0,2025-12-08,2185.1428571428573,2265.0714285714284,0.0,-57.0,0.9647125603103026,4.325209581273125e-05,2025-12-09 00:52:50.848964+00:00
Christmas,Darlene Love,20.0,0.0,20.0,2025-12-08,19.25,19.25,0.0,0.0,1.0,am_darlene_love_christmas,4706.0,0.0,24.0,2025-12-08,3559.8571428571427,4055.5714285714284,0.0,844.0,0.8777695586318645,3.805670457628653e-05,2025-12-09 00:52:50.848964+00:00
Christmas,Mariah Carey,14.0,0.0,14.0,2025-12-08,11.857142857142858,11.857142857142858,0.0,0.0,1.0,,0.0,,,,0.0,0.0,0.0,0.0,0.0,3.805670457628653e-05,2025-12-09 00:52:50.848964+00:00
Christmas,Michael Bublé,16.0,0.0,16.0,2025-12-08,15.666666666666666,15.666666666666666,0.0,0.0,1.0,,0.0,,,,0.0,0.0,0.0,0.0,0.0,3.805670457628653e-05,2025-12-09 00:52:50.848964+00:00
Christmas Lights,Coldplay,182.0,0.0,182.0,2025-12-08,180.8,180.8,0.0,0.0,1.0,am_coldplay_christmas_lights,1479.0,0.0,127.0,2025-12-08,1878.2857142857142,1841.2142857142858,0.0,-668.0,1.0201342281879193,5.9066687001344295e-05,2025-12-09 00:52:50.848964+00:00
Christmas Song,back number,0.0,,,,0.0,0.0,0.0,0.0,0.0,am_back_number_christmas_song,1233.0,0.0,161.0,2025-12-08,1224.0,1224.0,0.0,0.0,1.0,3.804395949605313e-05,2025-12-09 00:52:50.848964+00:00
Christmas Time,Bryan Adams,0.0,,,,0.0,0.0,0.0,0.0,0.0,am_bryan_adams_christmas_time,1380.0,0.0,143.0,2025-12-08,1602.857142857143,1750.357142857143,0.0,-727.0,0.9157314833707406,3.992830252026507e-05,2025-12-09 00:52:50.848964+00:00
Christmas Tree Farm,Taylor Swift,0.0,,,,0.0,0.0,0.0,0.0,0.0,am_taylor_swift_christmas_tree_farm,2753.0,0.0,49.0,2025-12-08,1832.857142857143,1999.142857142857,0.0,1322.0,0.9168214949263971,3.805670457628653e-05,2025-12-09 00:52:50.848964+00:00
Christmas Without You,Ava Max,16.0,0.0,16.0,2025-12-08,16.0,16.0,0.0,0.0,1.0,am_ava_max_christmas_without_you,1485.0,0.0,126.0,2025-12-08,1258.2857142857142,1358.357142857143,0.0,270.0,0.9263290739864332,3.805670457628653e-05,2025-12-09 00:52:50.848964+00:00
Church,JADE,3.0,0.0,3.0,2025-12-08,2.25,2.25,0.0,0.0,1.0,,0.0,,,,0.0,0.0,0.0,0.0,0.0,3.805670457628653e-05,2025-12-09 00:52:50.848964+00:00
Cozy Little Christmas,Katy Perry,0.0,,,,0.0,0.0,0.0,0.0,0.0,am_katy_perry_cozy_little_christmas,2097.0,0.0,79.0,2025-12-08,1928.5714285714287,1705.75,0.0,168.0,1.1306295931827224,0.0001012495949266463,2025-12-09 00:52:50.848964+00:00
Cuando No Era Cantante,El Bogueto,0.0,,,,0.0,0.0,0.0,0.0,0.0,am_el_bogueto_cuando_no_era_cantante,1624.0,0.0,114.0,2025-12-08,1600.2857142857142,1614.857142857143,0.0,22.0,0.9909766454352441,3.804395949605313e-05,2025-12-09 00:52:50.848964+00:00
DAISIES,Justin Bieber,149.0,0.0,149.0,2025-12-08,146.85714285714286,143.42857142857142,0.0,6.0,1.0239043824701197,am_justin_bieber_daisies,1934.0,0.0,90.0,2025-12-08,2646.8571428571427,3181.8571428571427,0.0,-837.0,0.8318592017240605,3.992830252026507e-05,2025-12-09 00:52:50.848964+00:00
DJ Play A Christmas Song,Cher,72.0,0.0,72.0,2025-12-08,72.0,72.0,0.0,0.0,1.0,,0.0,,,,0.0,0.0,0.0,0.0,0.0,3.805670457628653e-05,2025-12-09 00:52:50.848964+00:00
Dancing2,Keli Holiday,111.0,0.0,111.0,2025-12-08,108.85714285714286,105.42857142857143,0.0,6.0,1.032520325203252,,0.0,,,,0.0,0.0,0.0,0.0,0.0,4.3266585591572224e-05,2025-12-09 00:52:50.848964+00:00
Dear Santa,OneRepublic,0.0,,,,0.0,0.0,0.0,0.0,0.0,am_onerepublic_dear_santa,1168.0,0.0,179.0,2025-12-08,1163.857142857143,1205.8,0.0,-303.0,0.9652157429566619,3.991493067231563e-05,2025-12-09 00:52:50.848964+00:00
Define Myself,Marcus Maison & Mandi Fisher,3.0,0.0,3.0,2025-12-08,2.25,2.25,0.0,0.0,1.0,,0.0,,,,0.0,0.0,0.0,0.0,0.0,3.805670457628653e-05,2025-12-09 00:52:50.848964+00:00
Der Morgen danach,Maite Kelly,47.0,0.0,47.0,2025-12-08,44.857142857142854,41.42857142857143,0.0,6.0,1.0827586206896551,,0.0,,,,0.0,0.0,0.0,0.0,0.0,4.3266585591572224e-05,2025-12-09 00:52:50.848964+00:00
Die On This Hill,SIENNA SPIRO,21.0,0.0,21.0,2025-12-08,18.857142857142858,15.428571428571429,0.0,6.0,1.2222222222222223,,0.0,,,,0.0,0.0,0.0,0.0,0.0,4.3266585591572224e-05,2025-12-09 00:52:50.848964+00:00
Die With A Smile,Lady Gaga & Bruno Mars,479.0,0.0,479.0,2025-12-08,476.85714285714283,473.42857142857144,0.0,6.0,1.0072420036210017,am_lady_gaga_&_bruno_mars_die_with_a_smile,4370.0,0.0,26.0,2025-12-08,5150.571428571428,4671.142857142857,0.0,676.0,1.1026362468652517,0.0001012495949266463,2025-12-09 00:52:50.848964+00:00
Dis-moi oui,SANTA,11.0,0.0,11.0,2025-12-08,8.857142857142858,6.416666666666667,0.0,6.0,1.3803339517625233,,0.0,,,,0.0,0.0,0.0,0.0,0.0,1.7572149387781307e-05,2025-12-09 00:52:50.848964+00:00
Do They Know It's Christmas,Band Aid,300.0,0.0,300.0,2025-12-08,297.85714285714283,294.42857142857144,0.0,6.0,1.0116448326055312,am_band_aid_do_they_know_it's_christmas,3921.0,0.0,32.0,2025-12-08,3440.714285714286,2916.5714285714284,0.0,578.0,1.1797119905956113,0.0001012495949266463,2025-12-09 00:52:50.848964+00:00
Don't Mind If I Do,Riley Green,27.0,0.0,27.0,2025-12-08,24.857142857142858,21.428571428571427,0.0,6.0,1.1600000000000001,,0.0,,,,0.0,0.0,0.0,0.0,0.0,4.3266585591572224e-05,2025-12-09 00:52:50.848964+00:00
Don't Stop Believin',Journey,681.0,0.0,681.0,2025-12-08,678.8571428571429,675.4285714285714,0.0,6.0,1.0050761421319798,,0.0,,,,0.0,0.0,0.0,0.0,0.0,3.805670457628653e-05,2025-12-09 00:52:50.848964+00:00
Don't Tread On Me,Cain Walker,43.0,0.0,43.0,2025-12-08,40.857142857142854,37.42857142857143,0.0,6.0,1.0916030534351144,,0.0,,,,0.0,0.0,0.0,0.0,0.0,4.3266585591572224e-05,2025-12-09 00:52:50.848964+00:00
Dreams,Fleetwood Mac,0.0,,,,0.0,0.0,0.0,0.0,0.0,am_fleetwood_mac_dreams,1560.0,0.0,124.0,2025-12-08,1680.857142857143,1748.142857142857,0.0,6.0,0.9615101740622702,3.804395949605313e-05,2025-12-09 00:52:50.848964+00:00
Driving Home For Christmas,Chris Rea,0.0,,,,0.0,0.0,0.0,0.0,0.0,am_chris_rea_driving_home_for_christmas,3796.0,0.0,33.0,2025-12-08,3514.1428571428573,3076.6428571428573,0.0,430.0,1.1422004503981613,0.0001012495949266463,2025-12-09 00:52:50.848964+00:00
Driving Home For Christmas,"Joy Denalane, Rea Garvey & Esther Graf",0.0,,,,0.0,0.0,0.0,0.0,0.0,"am_joy_denalane,_rea_garvey_&_esther_graf_driving_home_for_christmas",1478.0,0.0,128.0,2025-12-08,1376.142857142857,1315.7857142857142,0.0,234.0,1.0458715596330275,0.0001012495949266463,2025-12-09 00:52:50.848964+00:00
Driving Home for Christmas,Chris Rea,402.0,0.0,402.0,2025-12-08,399.85714285714283,396.42857142857144,0.0,6.0,1.0086486486486486,,0.0,,,,0.0,0.0,0.0,0.0,0.0,3.805670457628653e-05,2025-12-09 00:52:50.848964+00:00
DtMF,Bad Bunny,0.0,,,,0.0,0.0,0.0,0.0,0.0,am_bad_bunny_dtmf,3580.0,0.0,37.0,2025-12-08,3857.0,3577.9285714285716,0.0,881.0,1.0779980435607195,0.0001012495949266463,2025-12-09 00:52:50.848964+00:00
Ein Teil,Cro,3.0,0.0,3.0,2025-12-08,2.25,2.25,0.0,0.0,1.0,,0.0,,,,0.0,0.0,0.0,0.0,0.0,3.805670457628653e-05,2025-12-09 00:52:50.848964+00:00
Elizabeth Taylor,Taylor Swift,0.0,,,,0.0,0.0,0.0,0.0,0.0,am_taylor_swift_elizabeth_taylor,2101.0,0.0,78.0,2025-12-08,2849.1428571428573,3727.8571428571427,0.0,-1084.0,0.7642843456600882,3.992830252026507e-05,2025-12-09 00:52:50.848964+00:00
End of Beginning,Djo,183.0,0.0,183.0,2025-12-08,180.85714285714286,177.42857142857142,0.0,6.0,1.0193236714975846,am_djo_end_of_beginning,1390.0,0.0,141.0,2025-12-08,1974.4285714285713,1776.2727272727273,0.0,164.0,1.1115571055690816,0.0001012495949266463,2025-12-09 00:52:50.848964+00:00
End of the World,Miley Cyrus,247.0,0.0,247.0,2025-12-08,244.85714285714286,241.42857142857142,0.0,6.0,1.0142011834319526,,0.0,,,,0.0,0.0,0.0,0.0,0.0,3.805670457628653e-05,2025-12-09 00:52:50.848964+00:00
Espresso,Sabrina Carpenter,0.0,,,,0.0,0.0,0.0,0.0,0.0,am_sabrina_carpenter_espresso,1831.0,0.0,97.0,2025-12-08,2151.0,2081.3571428571427,0.0,148.0,1.0334603109235048,0.0001012495949266463,2025-12-09 00:52:50.848964+00:00
Eternity,Alex Warren,120.0,0.0,120.0,2025-12-08,117.85714285714286,114.42857142857143,0.0,6.0,1.0299625468164795,,0.0,,,,0.0,0.0,0.0,0.0,0.0,4.3266585591572224e-05,2025-12-09 00:52:50.848964+00:00
Everything I Own,Bread,37.0,0.0,37.0,2025-12-08,36.25,36.25,0.0,0.0,1.0,,0.0,,,,0.0,0.0,0.0,0.0,0.0,3.805670457628653e-05,2025-12-09 00:52:50.848964+00:00
Eye of the Tiger,Survivor,237.0,0.0,237.0,2025-12-08,234.85714285714286,231.42857142857142,0.0,6.0,1.0148148148148148,,0.0,,,,0.0,0.0,0.0,0.0,0.0,3.805670457628653e-05,2025-12-09 00:52:50.848964+00:00
F1,Hans Zimmer,117.0,0.0,117.0,2025-12-08,114.85714285714286,111.42857142857143,0.0,6.0,1.0307692307692309,,0.0,,,,0.0,0.0,0.0,0.0,0.0,4.3266585591572224e-05,2025-12-09 00:52:50.848964+00:00
FA9LA,Flipperachi,1.0,0.0,1.0,2025-12-08,1.0,1.0,0.0,0.0,1.0,,0.0,,,,0.0,0.0,0.0,0.0,0.0,3.805670457628653e-05,2025-12-09 00:52:50.848964+00:00
FOCUS,Hearts2Hearts,0.0,,,,0.0,0.0,0.0,0.0,0.0,am_hearts2hearts_focus,1167.0,0.0,180.0,2025-12-08,1211.4285714285713,1213.2857142857142,0.0,-94.0,0.9984693276816201,3.804395949605313e-05,2025-12-09 00:52:50.848964+00:00
FaSHioN,CORTIS,0.0,,,,0.0,0.0,0.0,0.0,0.0,am_cortis_fashion,2309.0,0.0,66.0,2025-12-08,2406.4285714285716,2260.285714285714,0.0,-156.0,1.064656806977626,0.0001012495949266463,2025-12-09 00:52:50.848964+00:00
Fairytale of New York,The Pogues,234.0,0.0,234.0,2025-12-08,231.85714285714286,228.42857142857142,0.0,6.0,1.0150093808630394,am_the_pogues_fairytale_of_new_york,3099.0,0.0,42.0,2025-12-08,2685.0,2351.4285714285716,0.0,460.0,1.1418590522478735,0.0001012495949266463,2025-12-09 00:52:50.848964+00:00
Fanfare,Koji Tamaki,56.0,0.0,56.0,2025-12-08,53.857142857142854,50.42857142857143,0.0,6.0,1.0679886685552407,,0.0,,,,0.0,0.0,0.0,0.0,0.0,4.3266585591572224e-05,2025-12-09 00:52:50.848964+00:00
Father Figure,Taylor Swift,0.0,,,,0.0,0.0,0.0,0.0,0.0,am_taylor_swift_father_figure,1583.0,0.0,119.0,2025-12-08,2288.8571428571427,2913.785714285714,0.0,-908.0,0.7855269286397175,3.992830252026507e-05,2025-12-09 00:52:50.848964+00:00
Feliz Navidad,José Feliciano,262.0,0.0,262.0,2025-12-08,259.85714285714283,256.42857142857144,0.0,6.0,1.0133704735376043,am_josé_feliciano_feliz_navidad,7837.0,0.0,14.0,2025-12-08,6234.428571428572,5149.642857142857,0.0,1623.0,1.2106526111380818,0.0001012495949266463,2025-12-09 00:52:50.848964+00:00
Folded,Kehlani,75.0,0.0,75.0,2025-12-08,72.85714285714286,69.42857142857143,0.0,6.0,1.0493827160493827,am_kehlani_folded,2487.0,0.0,60.0,2025-12-08,2908.1428571428573,3301.1428571428573,0.0,-649.0,0.8809503202354163,4.5394389637906744e-05,2025-12-09 00:52:50.848964+00:00
For Good,Cynthia Erivo & Ariana Grande,17.0,0.0,17.0,2025-12-08,14.857142857142858,11.428571428571429,0.0,6.0,1.3,,0.0,,,,0.0,0.0,0.0,0.0,0.0,4.3266585591572224e-05,2025-12-09 00:52:50.848964+00:00
Formula 1 Theme,Brian Tyler,8.0,0.0,8.0,2025-12-08,5.857142857142857,4.888888888888889,0.0,6.0,1.1980519480519478,,0.0,,,,0.0,0.0,0.0,0.0,0.0,4.3266585591572224e-05,2025-12-09 00:52:50.848964+00:00
Freestyle,Lil Baby,0.0,,,,0.0,0.0,0.0,0.0,0.0,am_lil_baby_freestyle,1175.0,0.0,178.0,2025-12-08,1244.2857142857142,1299.4285714285713,0.0,6.0,0.9575637642919965,3.804395949605313e-05,2025-12-09 00:52:50.848964+00:00
Frosty the Snowman,Gene Autry,0.0,,,,0.0,0.0,0.0,0.0,0.0,am_gene_autry_frosty_the_snowman,1311.0,0.0,152.0,2025-12-08,1498.142857142857,1498.142857142857,0.0,0.0,1.0,3.804395949605313e-05,2025-12-09 00:52:50.848964+00:00
GO,CORTIS,0.0,,,,0.0,0.0,0.0,0.0,0.0,am_cortis_go,2081.0,0.0,85.0,2025-12-08,2116.8571428571427,1914.2857142857142,0.0,-83.0,1.105820895522388,0.0001012495949266463,2025-12-09 00:52:50.848964+00:00
Gabriela,KATSEYE,98.0,0.0,98.0,2025-12-08,95.85714285714286,92.42857142857143,0.0,6.0,1.0370942812983,,0.0,,,,0.0,0.0,0.0,0.0,0.0,4.3266585591572224e-05,2025-12-09 00:52:50.848964+00:00
Gifts For Me,Meghan Trainor,6.0,0.0,6.0,2025-12-08,3.857142857142857,3.857142857142857,0.0,0.0,1.0,,0.0,,,,0.0,0.0,0.0,0.0,0.0,3.805670457628653e-05,2025-12-09 00:52:50.848964+00:00
Girls Just Want to Have Fun,"Salvatore Mancuso, Mark Bale & DJ Olde",2.0,0.0,2.0,2025-12-08,1.6666666666666667,1.6666666666666667,0.0,0.0,1.0,,0.0,,,,0.0,0.0,0.0,0.0,0.0,3.805670457628653e-05,2025-12-09 00:52:50.848964+00:00
Giving Her Away,Luke Combs,3.0,0.0,3.0,2025-12-08,2.25,2.25,0.0,0.0,1.0,,0.0,,,,0.0,0.0,0.0,0.0,0.0,3.805670457628653e-05,2025-12-09 00:52:50.848964+00:00
Goddess,milet,3.0,0.0,3.0,2025-12-08,2.25,2.25,0.0,0.0,1.0,,0.0,,,,0.0,0.0,0.0,0.0,0.0,3.805670457628653e-05,2025-12-09 00:52:50.848964+00:00
Golden,"HUNTR/X, EJAE, AUDREY NUNA, REI AMI & KPop Demon Hunters Cast",130.0,0.0,130.0,2025-12-08,127.85714285714286,124.42857142857143,0.0,6.0,1.0275545350172215,"am_huntr/x,_ejae,_audrey_nuna,_rei_ami_&_kpop_demon_hunters_cast_golden",16370.0,0.0,2.0,2025-12-08,17138.285714285714,17321.071428571428,0.0,-932.0,0.9894472050970123,0.017552158695467758,2025-12-09 00:52:50.848964+00:00
Golden,"HUNTR/X, EJAE, AUDREY NUNA, REI AMI, KPop Demon Hunters Cast & David Guetta",120.0,0.0,120.0,2025-12-08,117.85714285714286,114.42857142857143,0.0,6.0,1.0299625468164795,,0.0,,,,0.0,0.0,0.0,0.0,0.0,4.3266585591572224e-05,2025-12-09 00:52:50.848964+00:00
Gone Gone Gone,"David Guetta, Teddy Swims & Tones And I",59.0,0.0,59.0,2025-12-08,56.857142857142854,53.42857142857143,0.0,6.0,1.0641711229946522,,0.0,,,,0.0,0.0,0.0,0.0,0.0,4.3266585591572224e-05,2025-12-09 00:52:50.848964+00:00
Good Goodbye,HWASA,24.0,0.0,24.0,2025-12-08,21.857142857142858,18.428571428571427,0.0,6.0,1.186046511627907,am_hwasa_good_goodbye,2360.0,0.0,64.0,2025-12-08,2362.0,2306.5,0.0,3.0,1.024062432256666,0.00013715137357532764,2025-12-09 00:52:50.848964+00:00
Gute Laune,GroßstadtEngel,52.0,0.0,52.0,2025-12-08,49.857142857142854,46.42857142857143,0.0,6.0,1.0738461538461537,,0.0,,,,0.0,0.0,0.0,0.0,0.0,4.3266585591572224e-05,2025-12-09 00:52:50.848964+00:00
Génération impolie,Franglish & KeBlack,0.0,,,,0.0,0.0,0.0,0.0,0.0,am_franglish_&_keblack_génération_impolie,1213.0,0.0,163.0,2025-12-08,1381.4285714285713,1462.0714285714287,0.0,-252.0,0.9448434217597341,3.804395949605313e-05,2025-12-09 00:52:50.848964+00:00
HOLLYWOOD,Peso Pluma & Estevan Plazola,0.0,,,,0.0,0.0,0.0,0.0,0.0,am_peso_pluma_&_estevan_plazola_hollywood,1087.0,0.0,200.0,2025-12-08,1101.0,1122.7857142857142,0.0,-27.0,0.9805967300718876,3.804395949605313e-05,2025-12-09 00:52:50.848964+00:00
Hallelujah,Luke Burr,2.0,0.0,2.0,2025-12-08,1.6666666666666667,1.6666666666666667,0.0,0.0,1.0,,0.0,,,,0.0,0.0,0.0,0.0,0.0,3.805670457628653e-05,2025-12-09 00:52:50.848964+00:00
Hallelujah,Pentatonix,307.0,0.0,307.0,2025-12-08,305.3333333333333,305.3333333333333,0.0,0.0,1.0,,0.0,,,,0.0,0.0,0.0,0.0,0.0,3.805670457628653e-05,2025-12-09 00:52:50.848964+00:00
Hanataba,back number,0.0,,,,0.0,0.0,0.0,0.0,0.0,am_back_number_hanataba,1141.0,0.0,183.0,2025-12-08,1144.2857142857142,1138.6666666666667,0.0,0.0,1.0049347607895616,3.804395949605313e-05,2025-12-09 00:52:50.848964+00:00
Happy Christmas,Rea Garvey,0.0,,,,0.0,0.0,0.0,0.0,0.0,am_rea_garvey_happy_christmas,1261.0,0.0,157.0,2025-12-08,1175.142857142857,1175.142857142857,0.0,0.0,1.0,3.804395949605313e-05,2025-12-09 00:52:50.848964+00:00
Happy Xmas,John Lennon & Yoko Ono,77.0,0.0,77.0,2025-12-08,75.33333333333333,75.33333333333333,0.0,0.0,1.0,am_john_lennon_&_yoko_ono_happy_xmas,2591.0,0.0,56.0,2025-12-08,2026.5714285714287,2565.5714285714284,0.0,414.0,0.7899103513558662,3.805670457628653e-05,2025-12-09 00:52:50.848964+00:00
Have Yourself a Merry Little Christmas,Judy Garland,0.0,,,,0.0,0.0,0.0,0.0,0.0,am_judy_garland_have_yourself_a_merry_little_christmas,1212.0,0.0,164.0,2025-12-08,1209.0,1209.0,0.0,0.0,1.0,3.804395949605313e-05,2025-12-09 00:52:50.848964+00:00
Here Comes Santa Claus,Doris Day,0.0,,,,0.0,0.0,0.0,0.0,0.0,am_doris_day_here_comes_santa_claus,2745.0,0.0,50.0,2025-12-08,2076.714285714286,2202.285714285714,0.0,1601.0,0.9429813181110535,3.804395949605313e-05,2025-12-09 00:52:50.848964+00:00
Heroine,back number,0.0,,,,0.0,0.0,0.0,0.0,0.0,am_back_number_heroine,1186.0,0.0,171.0,2025-12-08,1206.4285714285713,1195.5,0.0,67.0,1.0091414231941207,3.804395949605313e-05,2025-12-09 00:52:50.848964+00:00
Holly Jolly Christmas,Michael Bublé,0.0,,,,0.0,0.0,0.0,0.0,0.0,am_michael_bublé_holly_jolly_christmas,4096.0,0.0,30.0,2025-12-08,3603.285714285714,2888.285714285714,0.0,484.0,1.247551686615887,0.0001012495949266463,2025-12-09 00:52:50.848964+00:00
Home,Glockenbach & Tom Walker,75.0,0.0,75.0,2025-12-08,72.85714285714286,69.42857142857143,0.0,6.0,1.0493827160493827,,0.0,,,,0.0,0.0,0.0,0.0,0.0,4.3266585591572224e-05,2025-12-09 00:52:50.848964+00:00
Home to Me,Leony & Giovanni Zarrella,3.0,0.0,3.0,2025-12-08,2.25,2.25,0.0,0.0,1.0,,0.0,,,,0.0,0.0,0.0,0.0,0.0,3.805670457628653e-05,2025-12-09 00:52:50.848964+00:00
Hot in December,Kylie Minogue,3.0,0.0,3.0,2025-12-08,2.25,2.25,0.0,0.0,1.0,,0.0,,,,0.0,0.0,0.0,0.0,0.0,3.805670457628653e-05,2025-12-09 00:52:50.848964+00:00
How Bad Do U Want Me,Lady Gaga,49.0,0.0,49.0,2025-12-08,46.857142857142854,43.42857142857143,0.0,6.0,1.0789473684210524,,0.0,,,,0.0,0.0,0.0,0.0,0.0,4.3266585591572224e-05,2025-12-09 00:52:50.848964+00:00
How It’s Done,"HUNTR/X, EJAE, AUDREY NUNA, REI AMI & KPop Demon Hunters Cast",132.0,0.0,132.0,2025-12-08,129.85714285714286,126.42857142857143,0.0,6.0,1.0271186440677966,"am_huntr/x,_ejae,_audrey_nuna,_rei_ami_&_kpop_demon_hunters_cast_how_it’s_done",2087.0,0.0,83.0,2025-12-08,1749.4285714285713,2070.0714285714284,0.0,-144.0,0.8451054138918602,4.3266585591572224e-05,2025-12-09 00:52:50.848964+00:00
I,BUMP OF CHICKEN,50.0,0.0,50.0,2025-12-08,47.857142857142854,44.42857142857143,0.0,6.0,1.0771704180064308,,0.0,,,,0.0,0.0,0.0,0.0,0.0,4.3266585591572224e-05,2025-12-09 00:52:50.848964+00:00
I Don't Care,Cain Walker,24.0,0.0,24.0,2025-12-08,21.857142857142858,18.428571428571427,0.0,6.0,1.186046511627907,,0.0,,,,0.0,0.0,0.0,0.0,0.0,4.3266585591572224e-05,2025-12-09 00:52:50.848964+00:00
I Had Some Help,Post Malone,0.0,,,,0.0,0.0,0.0,0.0,0.0,am_post_malone_i_had_some_help,2021.0,0.0,88.0,2025-12-08,2382.285714285714,2423.0,0.0,-122.0,0.983196745474913,3.804395949605313e-05,2025-12-09 00:52:50.848964+00:00
I Know,CoMETIK,1.0,0.0,1.0,2025-12-08,1.0,1.0,0.0,0.0,1.0,,0.0,,,,0.0,0.0,0.0,0.0,0.0,3.805670457628653e-05,2025-12-09 00:52:50.848964+00:00
I Run,HAVEN. & Kaitlin Aragon,11.0,0.0,11.0,2025-12-08,8.857142857142858,6.416666666666667,0.0,6.0,1.3803339517625233,am_haven._&_kaitlin_aragon_i_run,2436.0,0.0,63.0,2025-12-08,3273.4285714285716,3489.2727272727275,0.0,-1882.0,0.938140646285089,1.5503700942214475e-05,2025-12-09 00:52:50.848964+00:00
I Think We're Alone Now,Tiffany,17.0,0.0,17.0,2025-12-08,14.857142857142858,14.857142857142858,0.0,0.0,1.0,,0.0,,,,0.0,0.0,0.0,0.0,0.0,3.805670457628653e-05,2025-12-09 00:52:50.848964+00:00
I Wish It Could Be Christmas Everyday,Wizzard,21.0,0.0,21.0,2025-12-08,19.333333333333332,19.333333333333332,0.0,0.0,1.0,am_wizzard_i_wish_it_could_be_christmas_everyday,1573.0,0.0,120.0,2025-12-08,1482.4285714285713,1513.7142857142858,0.0,138.0,0.9793318233295583,3.804395949605313e-05,2025-12-09 00:52:50.848964+00:00
I'm The Problem,Morgan Wallen,0.0,,,,0.0,0.0,0.0,0.0,0.0,am_morgan_wallen_i'm_the_problem,1645.0,0.0,111.0,2025-12-08,1931.857142857143,1956.7142857142858,0.0,-133.0,0.9872964882821056,3.804395949605313e-05,2025-12-09 00:52:50.848964+00:00
IRIS OUT,Kenshi Yonezu,66.0,0.0,66.0,2025-12-08,63.857142857142854,60.42857142857143,0.0,6.0,1.0567375886524821,am_kenshi_yonezu_iris_out,2696.0,0.0,51.0,2025-12-08,2789.4285714285716,2895.785714285714,0.0,-214.0,0.963271749586838,4.325209581273125e-05,2025-12-09 00:52:50.848964+00:00
In the Air Tonight,Phil Collins,166.0,0.0,166.0,2025-12-08,163.85714285714286,160.42857142857142,0.0,6.0,1.0213713268032059,,0.0,,,,0.0,0.0,0.0,0.0,0.0,3.805670457628653e-05,2025-12-09 00:52:50.848964+00:00
Iris,The Goo Goo Dolls,0.0,,,,0.0,0.0,0.0,0.0,0.0,am_the_goo_goo_dolls_iris,1822.0,0.0,98.0,2025-12-08,2359.714285714286,2529.0714285714284,0.0,-423.0,0.9330358403705483,3.992830252026507e-05,2025-12-09 00:52:50.848964+00:00
It's Beginning To Look a Lot Like Christmas,Michael Bublé,0.0,,,,0.0,0.0,0.0,0.0,0.0,am_michael_bublé_it's_beginning_to_look_a_lot_like_christmas,10807.0,0.0,6.0,2025-12-08,9526.142857142857,8032.714285714285,0.0,1464.0,1.1859182983869534,0.0001012495949266463,2025-12-09 00:52:50.848964+00:00
It's Beginning to Look a Lot Like Christmas,Michael Bublé,336.0,0.0,336.0,2025-12-08,333.85714285714283,330.42857142857144,0.0,6.0,1.0103761348897535,,0.0,,,,0.0,0.0,0.0,0.0,0.0,3.805670457628653e-05,2025-12-09 00:52:50.848964+00:00
It's Beginning to Look a Lot Like Christmas,Perry Como & The Fontane Sisters,0.0,,,,0.0,0.0,0.0,0.0,0.0,am_perry_como_&_the_fontane_sisters_it's_beginning_to_look_a_lot_like_christmas,1617.0,0.0,115.0,2025-12-08,1726.857142857143,2106.6428571428573,0.0,-3209.0,0.8197199335435527,3.992830252026507e-05,2025-12-09 00:52:50.848964+00:00
It's the Most Wonderful Time of the Year,Andy Williams,85.0,0.0,85.0,2025-12-08,82.85714285714286,81.4,0.0,6.0,1.017901017901018,am_andy_williams_it's_the_most_wonderful_time_of_the_year,8659.0,0.0,11.0,2025-12-08,7013.285714285715,5800.642857142857,0.0,1279.0,1.2090531837604208,0.0001012495949266463,2025-12-09 00:52:50.848964+00:00
JANE DOE,米津玄師 & 宇多田光,10.0,0.0,10.0,2025-12-08,7.857142857142857,5.909090909090909,0.0,6.0,1.3296703296703296,am_米津玄師_&_宇多田光_jane_doe,2195.0,0.0,75.0,2025-12-08,2572.8571428571427,2804.5454545454545,0.0,-960.0,0.9173882843250752,4.5394389637906744e-05,2025-12-09 00:52:50.848964+00:00
JUMP,BLACKPINK,148.0,0.0,148.0,2025-12-08,145.85714285714286,142.42857142857142,0.0,6.0,1.02407221664995,am_blackpink_jump,2122.0,0.0,76.0,2025-12-08,2400.1428571428573,2597.785714285714,0.0,-348.0,0.9239187219885068,4.5394389637906744e-05,2025-12-09 00:52:50.848964+00:00
Jingle Bell Rock,Bobby Helms,229.0,0.0,229.0,2025-12-08,226.85714285714286,223.42857142857142,0.0,6.0,1.0153452685421995,am_bobby_helms_jingle_bell_rock,10208.0,0.0,7.0,2025-12-08,8928.714285714286,7561.571428571428,0.0,1289.0,1.180801420717538,0.0001012495949266463,2025-12-09 00:52:50.848964+00:00
Jingle Bell Rock,Daryl Hall & John Oates,0.0,,,,0.0,0.0,0.0,0.0,0.0,am_daryl_hall_&_john_oates_jingle_bell_rock,1113.0,0.0,192.0,2025-12-08,2115.5714285714284,1830.2857142857142,0.0,-822.0,1.1558694973462378,0.0001062522144368655,2025-12-09 00:52:50.848964+00:00
Jingle Bells,Michael Bublé,0.0,,,,0.0,0.0,0.0,0.0,0.0,am_michael_bublé_jingle_bells,1260.0,0.0,158.0,2025-12-08,2145.714285714286,1742.7142857142858,0.0,-689.0,1.2312484629887697,0.0001062522144368655,2025-12-09 00:52:50.848964+00:00
JoyRide,CORTIS,3.0,0.0,3.0,2025-12-08,2.25,2.25,0.0,0.0,1.0,,0.0,,,,0.0,0.0,0.0,0.0,0.0,3.805670457628653e-05,2025-12-09 00:52:50.848964+00:00
Just In Case,Morgan Wallen,0.0,,,,0.0,0.0,0.0,0.0,0.0,am_morgan_wallen_just_in_case,1378.0,0.0,144.0,2025-12-08,1628.0,1673.5,0.0,-128.0,0.9728114729608605,3.804395949605313e-05,2025-12-09 00:52:50.848964+00:00
Just Keep Watching,Tate McRae,0.0,,,,0.0,0.0,0.0,0.0,0.0,am_tate_mcrae_just_keep_watching,3347.0,0.0,40.0,2025-12-08,4147.0,4531.214285714285,0.0,-793.0,0.9152072134558696,3.992830252026507e-05,2025-12-09 00:52:50.848964+00:00
Kaishin No Ichigeki,YOASOBI,17.0,0.0,17.0,2025-12-08,14.857142857142858,11.428571428571429,0.0,6.0,1.3,,0.0,,,,0.0,0.0,0.0,0.0,0.0,4.3266585591572224e-05,2025-12-09 00:52:50.848964+00:00
Kids,Kyle Dixon & Michael Stein,11.0,0.0,11.0,2025-12-08,8.857142857142858,6.416666666666667,0.0,6.0,1.3803339517625233,,0.0,,,,0.0,0.0,0.0,0.0,0.0,1.7572149387781307e-05,2025-12-09 00:52:50.848964+00:00
"Küss mich, halt mich, lieb mich","Ella Endlich, Felix Harrer & Jaques Raupé",3.0,0.0,3.0,2025-12-08,2.25,2.25,0.0,0.0,1.0,,0.0,,,,0.0,0.0,0.0,0.0,0.0,3.805670457628653e-05,2025-12-09 00:52:50.848964+00:00
LAVALAVA,Number_i,8.0,0.0,8.0,2025-12-08,5.857142857142857,4.888888888888889,0.0,6.0,1.1980519480519478,,0.0,,,,0.0,0.0,0.0,0.0,0.0,4.3266585591572224e-05,2025-12-09 00:52:50.848964+00:00
LOVE YOU,Nono La Grinta,0.0,,,,0.0,0.0,0.0,0.0,0.0,am_nono_la_grinta_love_you,1478.0,0.0,129.0,2025-12-08,1630.0,1659.7857142857142,0.0,-175.0,0.9820544820759995,3.804395949605313e-05,2025-12-09 00:52:50.848964+00:00
La Perla,ROSALÍA & Yahritza Y Su Esencia,31.0,0.0,31.0,2025-12-08,28.857142857142858,25.428571428571427,0.0,6.0,1.1348314606741574,am_rosalía_&_yahritza_y_su_esencia_la_perla,2693.0,0.0,52.0,2025-12-08,3245.714285714286,3762.1428571428573,0.0,-968.0,0.8627302069489272,4.5394389637906744e-05,2025-12-09 00:52:50.848964+00:00
La Plena,"W Sound, Beéle & Ovy On the Drums",0.0,,,,0.0,0.0,0.0,0.0,0.0,"am_w_sound,_beéle_&_ovy_on_the_drums_la_plena",1724.0,0.0,101.0,2025-12-08,1722.7142857142858,1728.5714285714287,0.0,74.0,0.9966115702479339,3.804395949605313e-05,2025-12-09 00:52:50.848964+00:00
Labour Lies,The British Boys,7.0,0.0,7.0,2025-12-08,4.857142857142857,4.375,0.0,6.0,1.110204081632653,,0.0,,,,0.0,0.0,0.0,0.0,0.0,4.3266585591572224e-05,2025-12-09 00:52:50.848964+00:00
Last Christmas,Wham!,621.0,0.0,621.0,2025-12-08,618.8571428571429,615.4285714285714,0.0,6.0,1.0055710306406684,am_wham!_last_christmas,13373.0,0.0,4.0,2025-12-08,12401.42857142857,10848.92857142857,0.0,1390.0,1.1431016887776937,0.0001012495949266463,2025-12-09 00:52:50.848964+00:00
Last Night,Morgan Wallen,0.0,,,,0.0,0.0,0.0,0.0,0.0,am_morgan_wallen_last_night,1093.0,0.0,199.0,2025-12-08,1327.0,1434.7857142857142,0.0,-166.0,0.9248767859809828,3.805670457628653e-05,2025-12-09 00:52:50.848964+00:00
Let Alone The One You Love,Olivia Dean,0.0,,,,0.0,0.0,0.0,0.0,0.0,am_olivia_dean_let_alone_the_one_you_love,1097.0,0.0,197.0,2025-12-08,1470.4285714285713,1725.0714285714287,0.0,-535.0,0.852387064717817,3.992830252026507e-05,2025-12-09 00:52:50.848964+00:00
Let It Snow Let It Snow Let It Snow,Dean Martin,32.0,0.0,32.0,2025-12-08,29.857142857142858,29.857142857142858,0.0,0.0,1.0,am_dean_martin_let_it_snow_let_it_snow_let_it_snow,8681.0,0.0,10.0,2025-12-08,7164.714285714285,5882.5,0.0,1176.0,1.217970979296946,0.0001012495949266463,2025-12-09 00:52:50.848964+00:00
Let It Snow Let It Snow Let It Snow,Frank Sinatra,0.0,,,,0.0,0.0,0.0,0.0,0.0,am_frank_sinatra_let_it_snow_let_it_snow_let_it_snow,1469.0,0.0,131.0,2025-12-08,2172.5714285714284,1812.0714285714287,0.0,-543.0,1.1989435925736134,0.0001062522144368655,2025-12-09 00:52:50.848964+00:00
Let’s Do It,"Lil Baby, Playboi Carti & Skooly",0.0,,,,0.0,0.0,0.0,0.0,0.0,"am_lil_baby,_playboi_carti_&_skooly_let’s_do_it",1393.0,0.0,139.0,2025-12-08,1473.75,1473.75,0.0,0.0,1.0,3.804395949605313e-05,2025-12-09 00:52:50.848964+00:00
Lichterkinder,Jerome & DJ Lumi,2.0,0.0,2.0,2025-12-08,1.6666666666666667,1.6666666666666667,0.0,0.0,1.0,,0.0,,,,0.0,0.0,0.0,0.0,0.0,3.805670457628653e-05,2025-12-09 00:52:50.848964+00:00
Life Goes On,BTS,229.0,0.0,229.0,2025-12-08,227.33333333333334,227.33333333333334,0.0,0.0,1.0,,0.0,,,,0.0,0.0,0.0,0.0,0.0,3.805670457628653e-05,2025-12-09 00:52:50.848964+00:00
Like It's Christmas,Jonas Brothers,0.0,,,,0.0,0.0,0.0,0.0,0.0,am_jonas_brothers_like_it's_christmas,3764.0,0.0,34.0,2025-12-08,3034.5714285714284,2567.9285714285716,0.0,729.0,1.1817195627381714,0.0001012495949266463,2025-12-09 00:52:50.848964+00:00
Lilac,Mrs. GREEN APPLE,0.0,,,,0.0,0.0,0.0,0.0,0.0,am_mrs._green_apple_lilac,1533.0,0.0,122.0,2025-12-08,1571.857142857143,1554.9285714285713,0.0,-52.0,1.0108870412053839,3.804395949605313e-05,2025-12-09 00:52:50.848964+00:00
Lilac,Mrs. Green Apple,540.0,0.0,540.0,2025-12-08,537.8571428571429,534.4285714285714,0.0,6.0,1.0064153969526866,,0.0,,,,0.0,0.0,0.0,0.0,0.0,3.805670457628653e-05,2025-12-09 00:52:50.848964+00:00
Little Saint Nick,The Beach Boys,0.0,,,,0.0,0.0,0.0,0.0,0.0,am_the_beach_boys_little_saint_nick,2221.0,0.0,73.0,2025-12-08,1819.4285714285713,3515.0714285714284,0.0,-3951.0,0.5176078519030298,3.992830252026507e-05,2025-12-09 00:52:50.848964+00:00
Lose Control,Teddy Swims,882.0,0.0,882.0,2025-12-08,879.8571428571429,876.4285714285714,0.0,6.0,1.0039119804400978,am_teddy_swims_lose_control,2508.0,0.0,59.0,2025-12-08,3014.714285714286,3089.5714285714284,0.0,-194.0,0.9757710269570445,3.804395949605313e-05,2025-12-09 00:52:50.848964+00:00
Lose My Mind,Don Toliver,121.0,0.0,121.0,2025-12-08,118.85714285714286,115.42857142857143,0.0,6.0,1.0297029702970297,,0.0,,,,0.0,0.0,0.0,0.0,0.0,4.3266585591572224e-05,2025-12-09 00:52:50.848964+00:00
Lose Yourself,Eminem,561.0,0.0,561.0,2025-12-08,558.8571428571429,555.4285714285714,0.0,6.0,1.0061728395061729,,0.0,,,,0.0,0.0,0.0,0.0,0.0,3.805670457628653e-05,2025-12-09 00:52:50.848964+00:00
Love Me Not,Ravyn Lenae,0.0,,,,0.0,0.0,0.0,0.0,0.0,am_ravyn_lenae_love_me_not,1390.0,0.0,140.0,2025-12-08,2081.5714285714284,2461.5714285714284,0.0,-901.0,0.8456270674946318,3.992830252026507e-05,2025-12-09 00:52:50.848964+00:00
Lush Life,Zara Larsson,0.0,,,,0.0,0.0,0.0,0.0,0.0,am_zara_larsson_lush_life,1696.0,0.0,103.0,2025-12-08,2055.5714285714284,2278.0,0.0,-520.0,0.9023579581086165,3.992830252026507e-05,2025-12-09 00:52:50.848964+00:00
ME JALO,Fuerza Regida & Grupo Frontera,0.0,,,,0.0,0.0,0.0,0.0,0.0,am_fuerza_regida_&_grupo_frontera_me_jalo,1112.0,0.0,193.0,2025-12-08,1122.2857142857142,1148.857142857143,0.0,-10.0,0.976871425018652,3.804395949605313e-05,2025-12-09 00:52:50.848964+00:00
MON BÉBÉ,RnBoi,0.0,,,,0.0,0.0,0.0,0.0,0.0,am_rnboi_mon_bébé,1925.0,0.0,91.0,2025-12-08,2022.0,2068.6428571428573,0.0,-110.0,0.9774524360346672,3.804395949605313e-05,2025-12-09 00:52:50.848964+00:00
MY LiFE,IDOLiSH7,1.0,0.0,1.0,2025-12-08,1.0,1.0,0.0,0.0,1.0,,0.0,,,,0.0,0.0,0.0,0.0,0.0,3.805670457628653e-05,2025-12-09 00:52:50.848964+00:00
Man I Need,Olivia Dean,114.0,0.0,114.0,2025-12-08,111.85714285714286,108.42857142857143,0.0,6.0,1.0316205533596838,am_olivia_dean_man_i_need,10012.0,0.0,8.0,2025-12-08,11010.285714285714,11668.857142857143,0.0,-1268.0,0.943561617002522,4.53791872996978e-05,2025-12-09 00:52:50.848964+00:00
Manchild,Sabrina Carpenter,0.0,,,,0.0,0.0,0.0,0.0,0.0,am_sabrina_carpenter_manchild,5021.0,0.0,22.0,2025-12-08,6162.857142857143,7112.928571428572,0.0,-1522.0,0.8664303431377471,3.992830252026507e-05,2025-12-09 00:52:50.848964+00:00
Marlboro Rojo,Fuerza Regida,0.0,,,,0.0,0.0,0.0,0.0,0.0,am_fuerza_regida_marlboro_rojo,1587.0,0.0,118.0,2025-12-08,1544.142857142857,1651.9285714285713,0.0,53.0,0.9347515890517577,0.0,2025-12-09 00:52:50.848964+00:00
Mary's Boy Child / Oh My Lord,Boney M.,0.0,,,,0.0,0.0,0.0,0.0,0.0,am_boney_m._mary's_boy_child_/_oh_my_lord,1206.0,0.0,167.0,2025-12-08,1371.5714285714287,1335.75,0.0,121.0,1.0268174647736692,0.00012063786048748808,2025-12-09 00:52:50.848964+00:00
Merry Christmas,Ed Sheeran & Elton John,183.0,0.0,183.0,2025-12-08,180.85714285714286,177.42857142857142,0.0,6.0,1.0193236714975846,am_ed_sheeran_&_elton_john_merry_christmas,5750.0,0.0,18.0,2025-12-08,4905.428571428572,4171.357142857143,0.0,845.0,1.1759790407369988,0.0001012495949266463,2025-12-09 00:52:50.848964+00:00
Merry Christmas Everyone,Shakin' Stevens,227.0,0.0,227.0,2025-12-08,224.85714285714286,221.42857142857142,0.0,6.0,1.015483870967742,am_shakin'_stevens_merry_christmas_everyone,4285.0,0.0,28.0,2025-12-08,4038.4285714285716,3779.6428571428573,0.0,347.0,1.068468298214117,0.0001012495949266463,2025-12-09 00:52:50.848964+00:00
Merry Xmas Everybody,Slade,0.0,,,,0.0,0.0,0.0,0.0,0.0,am_slade_merry_xmas_everybody,2095.0,0.0,80.0,2025-12-08,1793.2857142857142,1909.4285714285713,0.0,367.0,0.9391740236420769,3.7729442334248356e-05,2025-12-09 00:52:50.848964+00:00
Messy,Lola Young,383.0,0.0,383.0,2025-12-08,380.85714285714283,377.42857142857144,0.0,6.0,1.0090840272520816,am_lola_young_messy,1655.0,0.0,109.0,2025-12-08,2212.1428571428573,2175.285714285714,0.0,138.0,1.0169435870493204,3.804395949605313e-05,2025-12-09 00:52:50.848964+00:00
Mistletoe,Justin Bieber,155.0,0.0,155.0,2025-12-08,154.25,154.25,0.0,0.0,1.0,am_justin_bieber_mistletoe,5362.0,0.0,20.0,2025-12-08,4409.285714285715,3384.0,0.0,1225.0,1.3029804120229653,0.0001012495949266463,2025-12-09 00:52:50.848964+00:00
Moscow Mule,Bad Bunny,0.0,,,,0.0,0.0,0.0,0.0,0.0,am_bad_bunny_moscow_mule,2094.0,0.0,82.0,2025-12-08,2090.0,2065.5714285714284,0.0,89.0,1.011826544021025,3.804395949605313e-05,2025-12-09 00:52:50.848964+00:00
Mr. Brightside,The Killers,0.0,,,,0.0,0.0,0.0,0.0,0.0,am_the_killers_mr._brightside,1440.0,0.0,138.0,2025-12-08,1636.2857142857142,1731.142857142857,0.0,-26.0,0.9452054794520548,3.804395949605313e-05,2025-12-09 00:52:50.848964+00:00
My Body,HANA,0.0,,,,0.0,0.0,0.0,0.0,0.0,am_hana_my_body,1360.0,0.0,145.0,2025-12-08,1246.7142857142858,1247.2142857142858,0.0,151.0,0.9995991065803791,3.804395949605313e-05,2025-12-09 00:52:50.848964+00:00
My Only Wish,Britney Spears,0.0,,,,0.0,0.0,0.0,0.0,0.0,am_britney_spears_my_only_wish,2233.0,0.0,72.0,2025-12-08,1823.0,2280.214285714286,0.0,400.0,0.7994862638223225,3.805670457628653e-05,2025-12-09 00:52:50.848964+00:00
Mystical Magical,Benson Boone,227.0,0.0,227.0,2025-12-08,224.85714285714286,221.42857142857142,0.0,6.0,1.015483870967742,,0.0,,,,0.0,0.0,0.0,0.0,0.0,3.805670457628653e-05,2025-12-09 00:52:50.848964+00:00
NOKIA,Drake,287.0,0.0,287.0,2025-12-08,284.85714285714283,281.42857142857144,0.0,6.0,1.0121827411167512,,0.0,,,,0.0,0.0,0.0,0.0,0.0,3.805670457628653e-05,2025-12-09 00:52:50.848964+00:00
NON STOP,HANA,4.0,0.0,4.0,2025-12-08,2.8,2.8,0.0,0.0,1.0,am_hana_non_stop,1470.0,0.0,130.0,2025-12-08,1403.75,1403.75,0.0,0.0,1.0,3.804395949605313e-05,2025-12-09 00:52:50.848964+00:00
NOT CUTE ANYMORE,ILLIT,14.0,0.0,14.0,2025-12-08,11.857142857142858,8.428571428571429,0.0,6.0,1.4067796610169492,am_illit_not_cute_anymore,2529.0,0.0,58.0,2025-12-08,2535.8571428571427,2279.9285714285716,0.0,11.0,1.1122528901281368,4.6752170196647935e-05,2025-12-09 00:52:50.848964+00:00
Never Enough,Loren Allred,497.0,0.0,497.0,2025-12-08,496.6666666666667,496.6666666666667,0.0,0.0,1.0,,0.0,,,,0.0,0.0,0.0,0.0,0.0,3.805670457628653e-05,2025-12-09 00:52:50.848964+00:00
Never Romantic,Naniwa Danshi,1.0,0.0,1.0,2025-12-08,1.0,1.0,0.0,0.0,1.0,,0.0,,,,0.0,0.0,0.0,0.0,0.0,3.805670457628653e-05,2025-12-09 00:52:50.848964+00:00
New Rules,Dua Lipa,0.0,,,,0.0,0.0,0.0,0.0,0.0,am_dua_lipa_new_rules,1665.0,0.0,108.0,2025-12-08,1968.4285714285713,2229.785714285714,0.0,-377.0,0.8827882243649293,3.992830252026507e-05,2025-12-09 00:52:50.848964+00:00
Nice To Each Other,Olivia Dean,141.0,0.0,141.0,2025-12-08,138.85714285714286,135.42857142857142,0.0,6.0,1.0253164556962027,am_olivia_dean_nice_to_each_other,2297.0,0.0,68.0,2025-12-08,2725.1428571428573,3072.1428571428573,0.0,-556.0,0.8870495233666589,4.5394389637906744e-05,2025-12-09 00:52:50.848964+00:00
Niet Nodig,Flemming & Metejoor,3.0,0.0,3.0,2025-12-08,2.25,2.25,0.0,0.0,1.0,,0.0,,,,0.0,0.0,0.0,0.0,0.0,3.805670457628653e-05,2025-12-09 00:52:50.848964+00:00
No Broke Boys,Disco Lines & Tinashe,170.0,0.0,170.0,2025-12-08,167.85714285714286,164.42857142857142,0.0,6.0,1.0208514335360557,am_disco_lines_&_tinashe_no_broke_boys,3015.0,0.0,43.0,2025-12-08,3741.285714285714,4418.0,0.0,-1004.0,0.8468279117894328,3.992830252026507e-05,2025-12-09 00:52:50.848964+00:00
Not Like Us,Kendrick Lamar,0.0,,,,0.0,0.0,0.0,0.0,0.0,am_kendrick_lamar_not_like_us,1611.0,0.0,116.0,2025-12-08,2155.4285714285716,1918.4285714285713,0.0,322.0,1.1235386104698788,0.0001012495949266463,2025-12-09 00:52:50.848964+00:00
Nothin',Guns N' Roses,3.0,0.0,3.0,2025-12-08,2.25,2.25,0.0,0.0,1.0,,0.0,,,,0.0,0.0,0.0,0.0,0.0,3.805670457628653e-05,2025-12-09 00:52:50.848964+00:00
ONE MORE TIME,ALLDAY PROJECT,0.0,,,,0.0,0.0,0.0,0.0,0.0,am_allday_project_one_more_time,1211.0,0.0,165.0,2025-12-08,1371.0,1681.7857142857142,0.0,-637.0,0.8152049267360374,3.992830252026507e-05,2025-12-09 00:52:50.848964+00:00
Officially Christmas,Dan + Shay,0.0,,,,0.0,0.0,0.0,0.0,0.0,am_dan_+_shay_officially_christmas,2064.0,0.0,86.0,2025-12-08,1629.857142857143,1647.25,0.0,295.0,0.9894412765865187,3.804395949605313e-05,2025-12-09 00:52:50.848964+00:00
One More Sleep,Leona Lewis,123.0,0.0,123.0,2025-12-08,121.8,121.8,0.0,0.0,1.0,am_leona_lewis_one_more_sleep,2643.0,0.0,55.0,2025-12-08,2211.1428571428573,1898.642857142857,0.0,435.0,1.1645912493886612,0.0001012495949266463,2025-12-09 00:52:50.848964+00:00
One Of Us,The Original Cast of 'Paddington The Musical' & Tom Fletcher,1.0,0.0,1.0,2025-12-08,1.0,1.0,0.0,0.0,1.0,,0.0,,,,0.0,0.0,0.0,0.0,0.0,3.805670457628653e-05,2025-12-09 00:52:50.848964+00:00
Opalite,Taylor Swift,45.0,0.0,45.0,2025-12-08,42.857142857142854,39.42857142857143,0.0,6.0,1.0869565217391304,am_taylor_swift_opalite,8261.0,0.0,13.0,2025-12-08,9560.0,10688.142857142857,0.0,-1694.0,0.8944491225256292,4.5394389637906744e-05,2025-12-09 00:52:50.848964+00:00
Ordinary,Alex Warren,304.0,0.0,304.0,2025-12-08,301.85714285714283,298.42857142857144,0.0,6.0,1.0114887505983723,am_alex_warren_ordinary,9686.0,0.0,9.0,2025-12-08,11010.0,11528.0,0.0,-934.0,0.9550659264399722,3.991493067231563e-05,2025-12-09 00:52:50.848964+00:00
PARISIENNE,GIMS & La Mano 1.9,62.0,0.0,62.0,2025-12-08,59.857142857142854,56.42857142857143,0.0,6.0,1.060759493670886,am_gims_&_la_mano_1.9_parisienne,1755.0,0.0,100.0,2025-12-08,1840.5714285714287,1884.9285714285713,0.0,-101.0,0.9764674675054,4.325209581273125e-05,2025-12-09 00:52:50.848964+00:00
PSYCHO,BABYMONSTER,13.0,0.0,13.0,2025-12-08,10.857142857142858,7.428571428571429,0.0,6.0,1.4615384615384615,,0.0,,,,0.0,0.0,0.0,0.0,0.0,1.7572149387781307e-05,2025-12-09 00:52:50.848964+00:00
Perfect,Ed Sheeran,2998.0,0.0,2998.0,2025-12-08,2995.8571428571427,2992.4285714285716,0.0,6.0,1.0011457487945767,am_ed_sheeran_perfect,2731.0,0.0,94.0,2025-12-08,2728.8571428571427,2830.3571428571427,0.0,6.0,0.9641388012618296,3.804395949605313e-05,2025-12-09 00:52:50.848964+00:00
Pink Pony Club,Chappell Roan,504.0,0.0,504.0,2025-12-08,501.85714285714283,498.42857142857144,0.0,6.0,1.0068787618228718,am_chappell_roan_pink_pony_club,1771.0,0.0,99.0,2025-12-08,1931.857142857143,2005.357142857143,0.0,169.0,0.9633481745325022,3.804395949605313e-05,2025-12-09 00:52:50.848964+00:00
Please Come Home for Christmas,Eagles,0.0,,,,0.0,0.0,0.0,0.0,0.0,am_eagles_please_come_home_for_christmas,2095.0,0.0,81.0,2025-12-08,2133.714285714286,2799.4285714285716,0.0,-3404.0,0.7621963666054297,3.992830252026507e-05,2025-12-09 00:52:50.848964+00:00
Poker Face,Lady GaGa,421.0,0.0,421.0,2025-12-08,420.25,420.25,0.0,0.0,1.0,,0.0,,,,0.0,0.0,0.0,0.0,0.0,3.805670457628653e-05,2025-12-09 00:52:50.848964+00:00
Qué Pasaría...,Rauw Alejandro & Bad Bunny,0.0,,,,0.0,0.0,0.0,0.0,0.0,am_rauw_alejandro_&_bad_bunny_qué_pasaría...,1206.0,0.0,168.0,2025-12-08,1199.7142857142858,1186.7857142857142,0.0,100.0,1.0108937706891363,3.804395949605313e-05,2025-12-09 00:52:50.848964+00:00
RITORNO AD AMARE,Laura Pausini,3.0,0.0,3.0,2025-12-08,2.25,2.25,0.0,0.0,1.0,,0.0,,,,0.0,0.0,0.0,0.0,0.0,3.805670457628653e-05,2025-12-09 00:52:50.848964+00:00
ROSE,HANA,159.0,0.0,159.0,2025-12-08,156.85714285714286,153.42857142857142,0.0,6.0,1.022346368715084,am_hana_rose,1386.0,0.0,142.0,2025-12-08,1371.2857142857142,1323.5714285714287,0.0,53.0,1.036049649217485,0.0001012495949266463,2025-12-09 00:52:50.848964+00:00
Raindance,Dave & Tems,0.0,,,,0.0,0.0,0.0,0.0,0.0,am_dave_&_tems_raindance,2197.0,0.0,74.0,2025-12-08,2677.1428571428573,2792.9285714285716,0.0,-465.0,0.9585432597631774,3.991493067231563e-05,2025-12-09 00:52:50.848964+00:00
Rein Me In,Sam Fender & Olivia Dean,76.0,0.0,76.0,2025-12-08,73.85714285714286,70.42857142857143,0.0,6.0,1.0486815415821502,,0.0,,,,0.0,0.0,0.0,0.0,0.0,4.3266585591572224e-05,2025-12-09 00:52:50.848964+00:00
Reliquia,ROSALÍA,0.0,,,,0.0,0.0,0.0,0.0,0.0,am_rosalía_reliquia,1128.0,0.0,187.0,2025-12-08,1337.142857142857,1576.2857142857142,0.0,-359.0,0.8482871125611746,3.992830252026507e-05,2025-12-09 00:52:50.848964+00:00
Rockin' Around the Christmas Tree,Brenda Lee,247.0,0.0,247.0,2025-12-08,244.85714285714286,242.41666666666666,0.0,6.0,1.0100672788881795,am_brenda_lee_rockin'_around_the_christmas_tree,7485.0,0.0,15.0,2025-12-08,6348.428571428572,5275.142857142857,0.0,759.0,1.2034609760060662,0.0001012495949266463,2025-12-09 00:52:50.848964+00:00
Roller Coaster,Danny Vera,135.0,0.0,135.0,2025-12-08,135.0,135.0,0.0,0.0,1.0,,0.0,,,,0.0,0.0,0.0,0.0,0.0,3.805670457628653e-05,2025-12-09 00:52:50.848964+00:00
Run Rudolph Run,Chuck Berry,0.0,,,,0.0,0.0,0.0,0.0,0.0,am_chuck_berry_run_rudolph_run,2997.0,0.0,44.0,2025-12-08,1982.142857142857,3471.285714285714,0.0,1096.0,0.5710111527223343,3.805670457628653e-05,2025-12-09 00:52:50.848964+00:00
Running Up That Hill,Kate Bush,241.0,0.0,241.0,2025-12-08,238.85714285714286,235.42857142857142,0.0,6.0,1.0145631067961165,am_kate_bush_running_up_that_hill,1175.0,0.0,176.0,2025-12-08,1761.4285714285713,1733.9,0.0,-1056.0,1.0158766776795498,3.991493067231563e-05,2025-12-09 00:52:50.848964+00:00
Ryu,Masaharu Fukuyama,8.0,0.0,8.0,2025-12-08,5.857142857142857,4.888888888888889,0.0,6.0,1.1980519480519478,,0.0,,,,0.0,0.0,0.0,0.0,0.0,4.3266585591572224e-05,2025-12-09 00:52:50.848964+00:00
SOMEBODY LOVES ME,PARTYNEXTDOOR & Drake,0.0,,,,0.0,0.0,0.0,0.0,0.0,am_partynextdoor_&_drake_somebody_loves_me,1214.0,0.0,162.0,2025-12-08,1299.142857142857,1312.5,0.0,90.0,0.9898231292517007,3.804395949605313e-05,2025-12-09 00:52:50.848964+00:00
SPAGHETTI,LE SSERAFIM & j-hope,0.0,,,,0.0,0.0,0.0,0.0,0.0,am_le_sserafim_&_j-hope_spaghetti,1916.0,0.0,92.0,2025-12-08,1986.5714285714287,2090.5,0.0,-212.0,0.9502853042676052,3.804395949605313e-05,2025-12-09 00:52:50.848964+00:00
Sanitizer,OFFICIAL HIGE DANDISM,8.0,0.0,8.0,2025-12-08,5.857142857142857,4.888888888888889,0.0,6.0,1.1980519480519478,,0.0,,,,0.0,0.0,0.0,0.0,0.0,4.3266585591572224e-05,2025-12-09 00:52:50.848964+00:00
Santa Baby,Eartha Kitt,0.0,,,,0.0,0.0,0.0,0.0,0.0,am_eartha_kitt_santa_baby,2331.0,0.0,65.0,2025-12-08,1824.7142857142858,1964.7142857142858,0.0,-535.0,0.9287428197484185,3.992830252026507e-05,2025-12-09 00:52:50.848964+00:00
Santa Claus Is Comin' to Town,Bruce Springsteen,0.0,,,,0.0,0.0,0.0,0.0,0.0,am_bruce_springsteen_santa_claus_is_comin'_to_town,2303.0,0.0,67.0,2025-12-08,1628.5714285714287,2329.3571428571427,0.0,221.0,0.6991505933580695,3.805670457628653e-05,2025-12-09 00:52:50.848964+00:00
Santa Claus Is Comin' to Town,Frank Sinatra,0.0,,,,0.0,0.0,0.0,0.0,0.0,am_frank_sinatra_santa_claus_is_comin'_to_town,1491.0,0.0,125.0,2025-12-08,3931.285714285714,3368.5,0.0,-2794.0,1.1670730931529507,0.0001062522144368655,2025-12-09 00:52:50.848964+00:00
Santa Claus Is Coming To Town,Michael Bublé,0.0,,,,0.0,0.0,0.0,0.0,0.0,am_michael_bublé_santa_claus_is_coming_to_town,1105.0,0.0,195.0,2025-12-08,1638.5714285714287,1400.857142857143,0.0,-13.0,1.1696920252906384,0.0001012495949266463,2025-12-09 00:52:50.848964+00:00
Santa Claus Is Coming to Town,Jackson 5,0.0,,,,0.0,0.0,0.0,0.0,0.0,am_jackson_5_santa_claus_is_coming_to_town,2915.0,0.0,46.0,2025-12-08,1950.142857142857,1754.357142857143,0.0,619.0,1.111599690566345,0.0001012495949266463,2025-12-09 00:52:50.848964+00:00
Santa Tell Me,Ariana Grande,284.0,0.0,284.0,2025-12-08,281.85714285714283,279.90909090909093,0.0,6.0,1.0069595879923907,am_ariana_grande_santa_tell_me,8427.0,0.0,12.0,2025-12-08,7570.0,6313.571428571428,0.0,1131.0,1.1990044122638308,0.0001012495949266463,2025-12-09 00:52:50.848964+00:00
"Santa, Can't You Hear Me",Kelly Clarkson & Ariana Grande,0.0,,,,0.0,0.0,0.0,0.0,0.0,"am_kelly_clarkson_&_ariana_grande_santa,_can't_you_hear_me",3740.0,0.0,36.0,2025-12-08,3061.8571428571427,2551.3571428571427,0.0,978.0,1.200089588174361,0.0001012495949266463,2025-12-09 00:52:50.848964+00:00
Sapphire,Ed Sheeran,185.0,0.0,185.0,2025-12-08,182.85714285714286,179.42857142857142,0.0,6.0,1.019108280254777,,0.0,,,,0.0,0.0,0.0,0.0,0.0,3.805670457628653e-05,2025-12-09 00:52:50.848964+00:00
Shape of You,Ed Sheeran,0.0,,,,0.0,0.0,0.0,0.0,0.0,am_ed_sheeran_shape_of_you,2910.0,0.0,121.0,2025-12-08,2907.8571428571427,2904.4285714285716,0.0,6.0,1.0011804633318577,3.804395949605313e-05,2025-12-09 00:52:50.848964+00:00
Si Antes Te Hubiera Conocido,KAROL G,475.0,0.0,475.0,2025-12-08,472.85714285714283,469.42857142857144,0.0,6.0,1.0073037127206328,,0.0,,,,0.0,0.0,0.0,0.0,0.0,3.805670457628653e-05,2025-12-09 00:52:50.848964+00:00
Silhouette,KANA-BOON,27.0,0.0,27.0,2025-12-08,24.857142857142858,21.428571428571427,0.0,6.0,1.1600000000000001,,0.0,,,,0.0,0.0,0.0,0.0,0.0,4.3266585591572224e-05,2025-12-09 00:52:50.848964+00:00
Silver Springs,Fleetwood Mac,11.0,0.0,11.0,2025-12-08,8.857142857142858,6.416666666666667,0.0,6.0,1.3803339517625233,,0.0,,,,0.0,0.0,0.0,0.0,0.0,1.7572149387781307e-05,2025-12-09 00:52:50.848964+00:00
Sleigh Ride,The Ronettes,34.0,0.0,34.0,2025-12-08,32.333333333333336,32.333333333333336,0.0,0.0,1.0,am_the_ronettes_sleigh_ride,7140.0,0.0,16.0,2025-12-08,5977.428571428572,4854.071428571428,0.0,872.0,1.2314257545212415,0.0001012495949266463,2025-12-09 00:52:50.848964+00:00
Sleigh Ride,Vindaloo Singh,32.0,0.0,32.0,2025-12-08,29.857142857142858,26.428571428571427,0.0,6.0,1.1297297297297297,,0.0,,,,0.0,0.0,0.0,0.0,0.0,4.3266585591572224e-05,2025-12-09 00:52:50.848964+00:00
Snooze,SZA,0.0,,,,0.0,0.0,0.0,0.0,0.0,am_sza_snooze,1337.0,0.0,150.0,2025-12-08,1482.857142857143,1502.0,0.0,-82.0,0.9872550884534906,3.804395949605313e-05,2025-12-09 00:52:50.848964+00:00
Snowman,Sia,293.0,0.0,293.0,2025-12-08,290.85714285714283,287.42857142857144,0.0,6.0,1.0119284294234592,am_sia_snowman,5849.0,0.0,17.0,2025-12-08,5378.714285714285,4735.785714285715,0.0,682.0,1.1357596416343643,0.0001012495949266463,2025-12-09 00:52:50.848964+00:00
So Easy,Olivia Dean,60.0,0.0,60.0,2025-12-08,57.857142857142854,54.42857142857143,0.0,6.0,1.0629921259842519,am_olivia_dean_so_easy,5307.0,0.0,21.0,2025-12-08,6133.857142857143,6630.285714285715,0.0,-1097.0,0.925127122295958,4.5394389637906744e-05,2025-12-09 00:52:50.848964+00:00
Soda Pop,"Saja Boys, Andrew Choi, Neckwav, Danny Chung, Kevin Woo, samUIL Lee & KPop Demon Hunters Cast",170.0,0.0,170.0,2025-12-08,167.85714285714286,164.42857142857142,0.0,6.0,1.0208514335360557,"am_saja_boys,_andrew_choi,_neckwav,_danny_chung,_kevin_woo,_samuil_lee_&_kpop_demon_hunters_cast_sod",3982.0,0.0,31.0,2025-12-08,3567.8571428571427,4100.071428571428,0.0,-226.0,0.870193899060992,3.805670457628653e-05,2025-12-09 00:52:50.848964+00:00
Soleil Bleu,Bleu Soleil & LUIZA,156.0,0.0,156.0,2025-12-08,153.85714285714286,150.42857142857142,0.0,6.0,1.0227920227920229,,0.0,,,,0.0,0.0,0.0,0.0,0.0,3.805670457628653e-05,2025-12-09 00:52:50.848964+00:00
Someday At Christmas,Stevie Wonder,0.0,,,,0.0,0.0,0.0,0.0,0.0,am_stevie_wonder_someday_at_christmas,1275.0,0.0,156.0,2025-12-08,2677.0,2118.846153846154,0.0,-1124.0,1.2634234888364495,0.0001062522144368655,2025-12-09 00:52:50.848964+00:00
Someone You Loved,Lewis Capaldi,1504.0,0.0,1504.0,2025-12-08,1501.857142857143,1498.4285714285713,0.0,6.0,1.0022881113547526,,0.0,,,,0.0,0.0,0.0,0.0,0.0,3.805670457628653e-05,2025-12-09 00:52:50.848964+00:00
Somewhere Only We Know,Lily Allen,0.0,,,,0.0,0.0,0.0,0.0,0.0,am_lily_allen_somewhere_only_we_know,1175.0,0.0,177.0,2025-12-08,1302.2857142857142,1285.888888888889,0.0,-155.0,1.0127513547542926,3.804395949605313e-05,2025-12-09 00:52:50.848964+00:00
Soranji,Mrs. GREEN APPLE,0.0,,,,0.0,0.0,0.0,0.0,0.0,am_mrs._green_apple_soranji,1307.0,0.0,153.0,2025-12-08,1311.0,1296.857142857143,0.0,25.0,1.0109054857898214,3.804395949605313e-05,2025-12-09 00:52:50.848964+00:00
Sports car,Tate McRae,0.0,,,,0.0,0.0,0.0,0.0,0.0,am_tate_mcrae_sports_car,2235.0,0.0,71.0,2025-12-08,3237.4285714285716,3784.8571428571427,0.0,-618.0,0.8553634785234393,3.992830252026507e-05,2025-12-09 00:52:50.848964+00:00
Stand By Me,Stephen Wilson Jr.,34.0,0.0,34.0,2025-12-08,31.857142857142858,28.428571428571427,0.0,6.0,1.120603015075377,,0.0,,,,0.0,0.0,0.0,0.0,0.0,4.3266585591572224e-05,2025-12-09 00:52:50.848964+00:00
Stay,Myles Smith,72.0,0.0,72.0,2025-12-08,69.85714285714286,66.42857142857143,0.0,6.0,1.0516129032258066,,0.0,,,,0.0,0.0,0.0,0.0,0.0,4.3266585591572224e-05,2025-12-09 00:52:50.848964+00:00
Step Into Christmas,Elton John,55.0,0.0,55.0,2025-12-08,54.666666666666664,54.666666666666664,0.0,0.0,1.0,am_elton_john_step_into_christmas,4696.0,0.0,25.0,2025-12-08,3866.714285714286,3231.4285714285716,0.0,829.0,1.1965959328028293,0.0001012495949266463,2025-12-09 00:52:50.848964+00:00
Stop the Cavalry,Jona Lewie,0.0,,,,0.0,0.0,0.0,0.0,0.0,am_jona_lewie_stop_the_cavalry,1129.0,0.0,186.0,2025-12-08,1233.142857142857,1190.857142857143,0.0,-111.0,1.0355086372360844,0.0001012495949266463,2025-12-09 00:52:50.848964+00:00
Stranger Things,Kyle Dixon & Michael Stein,14.0,0.0,14.0,2025-12-08,11.857142857142858,8.428571428571429,0.0,6.0,1.4067796610169492,,0.0,,,,0.0,0.0,0.0,0.0,0.0,1.7572149387781307e-05,2025-12-09 00:52:50.848964+00:00
Succession,Nicholas Britell,92.0,0.0,92.0,2025-12-08,89.85714285714286,86.42857142857143,0.0,6.0,1.0396694214876032,,0.0,,,,0.0,0.0,0.0,0.0,0.0,4.3266585591572224e-05,2025-12-09 00:52:50.848964+00:00
Suisei,Hoshimachi Suisei,3.0,0.0,3.0,2025-12-08,2.25,2.25,0.0,0.0,1.0,,0.0,,,,0.0,0.0,0.0,0.0,0.0,3.805670457628653e-05,2025-12-09 00:52:50.848964+00:00
Sukisugite METSU,M!LK,17.0,0.0,17.0,2025-12-08,14.857142857142858,11.428571428571429,0.0,6.0,1.3,am_m!lk_sukisugite_metsu,1119.0,0.0,190.0,2025-12-08,1150.857142857143,1150.857142857143,0.0,0.0,1.0,4.325209581273125e-05,2025-12-09 00:52:50.848964+00:00
Sweet Caroline,Neil Diamond,194.0,0.0,194.0,2025-12-08,191.85714285714286,188.42857142857142,0.0,6.0,1.0181956027293404,,0.0,,,,0.0,0.0,0.0,0.0,0.0,3.805670457628653e-05,2025-12-09 00:52:50.848964+00:00
TP sur TP,Jul,0.0,,,,0.0,0.0,0.0,0.0,0.0,am_jul_tp_sur_tp,1111.0,0.0,194.0,2025-12-08,1115.0,1115.0,0.0,0.0,1.0,3.804395949605313e-05,2025-12-09 00:52:50.848964+00:00
TU SANCHO,Fuerza Regida,0.0,,,,0.0,0.0,0.0,0.0,0.0,am_fuerza_regida_tu_sancho,1326.0,0.0,151.0,2025-12-08,1325.142857142857,1354.642857142857,0.0,13.0,0.9782230424466122,3.804395949605313e-05,2025-12-09 00:52:50.848964+00:00
Takedown,"HUNTR/X, EJAE, AUDREY NUNA, REI AMI & KPop Demon Hunters Cast",134.0,0.0,134.0,2025-12-08,131.85714285714286,128.42857142857142,0.0,6.0,1.0266963292547275,,0.0,,,,0.0,0.0,0.0,0.0,0.0,4.3266585591572224e-05,2025-12-09 00:52:50.848964+00:00
Tears,Sabrina Carpenter,0.0,,,,0.0,0.0,0.0,0.0,0.0,am_sabrina_carpenter_tears,2122.0,0.0,77.0,2025-12-08,3009.4285714285716,3765.285714285714,0.0,-1601.0,0.7992563645331412,3.992830252026507e-05,2025-12-09 00:52:50.848964+00:00
That’s So True,Gracie Abrams,0.0,,,,0.0,0.0,0.0,0.0,0.0,am_gracie_abrams_that’s_so_true,4334.0,0.0,27.0,2025-12-08,5357.857142857143,5458.357142857143,0.0,-160.0,0.9815878665741916,3.804395949605313e-05,2025-12-09 00:52:50.848964+00:00
The Christmas Song,"Nat ""King"" Cole",0.0,,,,0.0,0.0,0.0,0.0,0.0,"am_nat_""king""_cole_the_christmas_song",4941.0,0.0,23.0,2025-12-08,3787.0,3978.5714285714284,0.0,649.0,0.9518491921005386,3.804395949605313e-05,2025-12-09 00:52:50.848964+00:00
The Dead Dance,Lady Gaga,96.0,0.0,96.0,2025-12-08,93.85714285714286,90.42857142857143,0.0,6.0,1.037914691943128,,0.0,,,,0.0,0.0,0.0,0.0,0.0,4.3266585591572224e-05,2025-12-09 00:52:50.848964+00:00
The Door,Teddy Swims,688.0,0.0,688.0,2025-12-08,685.8571428571429,682.4285714285714,0.0,6.0,1.005024073686414,,0.0,,,,0.0,0.0,0.0,0.0,0.0,3.805670457628653e-05,2025-12-09 00:52:50.848964+00:00
The Explorer & The Bear,The Original Cast of 'Paddington The Musical' & Tom Fletcher,1.0,0.0,1.0,2025-12-08,1.0,1.0,0.0,0.0,1.0,,0.0,,,,0.0,0.0,0.0,0.0,0.0,3.805670457628653e-05,2025-12-09 00:52:50.848964+00:00
The Fate of Ophelia,Taylor Swift,59.0,0.0,59.0,2025-12-08,56.857142857142854,53.42857142857143,0.0,6.0,1.0641711229946522,am_taylor_swift_the_fate_of_ophelia,18814.0,0.0,1.0,2025-12-08,19535.85714285714,19820.714285714286,0.0,-798.0,0.9856283109301235,0.9077819349510727,2025-12-09 00:52:50.848964+00:00
The First Snow,EXO,32.0,0.0,32.0,2025-12-08,31.666666666666668,31.666666666666668,0.0,0.0,1.0,,0.0,,,,0.0,0.0,0.0,0.0,0.0,3.805670457628653e-05,2025-12-09 00:52:50.848964+00:00
The Sound of Silence,Disturbed,1930.0,0.0,1930.0,2025-12-08,1927.857142857143,1924.4285714285713,0.0,6.0,1.001781604929107,,0.0,,,,0.0,0.0,0.0,0.0,0.0,3.805670457628653e-05,2025-12-09 00:52:50.848964+00:00
There's Just Something About Her,Cat Burns,11.0,0.0,11.0,2025-12-08,8.857142857142858,6.416666666666667,0.0,6.0,1.3803339517625233,,0.0,,,,0.0,0.0,0.0,0.0,0.0,1.7572149387781307e-05,2025-12-09 00:52:50.848964+00:00
Think About Us,"Sonny Fodera, D.O.D & Poppy Baskcomb",30.0,0.0,30.0,2025-12-08,27.857142857142858,24.428571428571427,0.0,6.0,1.1403508771929824,,0.0,,,,0.0,0.0,0.0,0.0,0.0,4.3266585591572224e-05,2025-12-09 00:52:50.848964+00:00
Three Nuts for Cinderella - Introduction,Czech National Symphony Orchestra & Jan Chalupecký,12.0,0.0,12.0,2025-12-08,11.25,11.25,0.0,0.0,1.0,,0.0,,,,0.0,0.0,0.0,0.0,0.0,3.805670457628653e-05,2025-12-09 00:52:50.848964+00:00
Thunderstruck,Ac/Dc,923.0,0.0,923.0,2025-12-08,920.8571428571429,917.4285714285714,0.0,6.0,1.0037371535347244,,0.0,,,,0.0,0.0,0.0,0.0,0.0,3.805670457628653e-05,2025-12-09 00:52:50.848964+00:00
Tiger,HANA,0.0,,,,0.0,0.0,0.0,0.0,0.0,am_hana_tiger,1163.0,0.0,181.0,2025-12-08,1163.0,1152.0,0.0,22.0,1.0095486111111112,3.804395949605313e-05,2025-12-09 00:52:50.848964+00:00
Timeless,The Weeknd & Playboi Carti,0.0,,,,0.0,0.0,0.0,0.0,0.0,am_the_weeknd_&_playboi_carti_timeless,1854.0,0.0,95.0,2025-12-08,2468.1428571428573,2212.6428571428573,0.0,19.0,1.1154727701197662,0.0001012495949266463,2025-12-09 00:52:50.848964+00:00
Tití Me Preguntó,Bad Bunny,0.0,,,,0.0,0.0,0.0,0.0,0.0,am_bad_bunny_tití_me_preguntó,2460.0,0.0,62.0,2025-12-08,2420.0,2400.785714285714,0.0,169.0,1.0080033322424207,3.804395949605313e-05,2025-12-09 00:52:50.848964+00:00
To Santa,JO1,3.0,0.0,3.0,2025-12-08,2.25,2.25,0.0,0.0,1.0,,0.0,,,,0.0,0.0,0.0,0.0,0.0,3.805670457628653e-05,2025-12-09 00:52:50.848964+00:00
Try Everything,Shakira,186.0,0.0,186.0,2025-12-08,183.85714285714286,183.85714285714286,0.0,0.0,1.0,,0.0,,,,0.0,0.0,0.0,0.0,0.0,3.805670457628653e-05,2025-12-09 00:52:50.848964+00:00
Turn the Lights Off,Kato,7.0,0.0,7.0,2025-12-08,4.857142857142857,4.375,0.0,6.0,1.110204081632653,,0.0,,,,0.0,0.0,0.0,0.0,0.0,4.3266585591572224e-05,2025-12-09 00:52:50.848964+00:00
Underneath the Tree,Kelly Clarkson,217.0,0.0,217.0,2025-12-08,214.85714285714286,211.42857142857142,0.0,6.0,1.0162162162162163,am_kelly_clarkson_underneath_the_tree,11077.0,0.0,5.0,2025-12-08,9977.142857142857,8689.642857142857,0.0,1422.0,1.1481648925239407,0.0001012495949266463,2025-12-09 00:52:50.848964+00:00
Unstoppable,Sia,1909.0,0.0,1909.0,2025-12-08,1906.857142857143,1903.4285714285713,0.0,6.0,1.001801260882618,,0.0,,,,0.0,0.0,0.0,0.0,0.0,3.805670457628653e-05,2025-12-09 00:52:50.848964+00:00
VERLIEBT IN MICH,FAYAN & Dalton,67.0,0.0,67.0,2025-12-08,64.85714285714286,61.42857142857143,0.0,6.0,1.0558139534883721,,0.0,,,,0.0,0.0,0.0,0.0,0.0,4.3266585591572224e-05,2025-12-09 00:52:50.848964+00:00
Vete,Bad Bunny,0.0,,,,0.0,0.0,0.0,0.0,0.0,am_bad_bunny_vete,1670.0,0.0,106.0,2025-12-08,1681.2857142857142,1663.7142857142858,0.0,99.0,1.010561566202988,3.804395949605313e-05,2025-12-09 00:52:50.848964+00:00
WE GO UP,BABYMONSTER,33.0,0.0,33.0,2025-12-08,30.857142857142858,27.428571428571427,0.0,6.0,1.125,am_babymonster_we_go_up,1599.0,0.0,117.0,2025-12-08,1675.142857142857,1587.142857142857,0.0,-107.0,1.0554455445544555,0.00011510945088774976,2025-12-09 00:52:50.848964+00:00
WHERE IS MY HUSBAND,RAYE,80.0,0.0,80.0,2025-12-08,77.85714285714286,74.42857142857143,0.0,6.0,1.0460652591170825,am_raye_where_is_my_husband,5697.0,0.0,19.0,2025-12-08,6889.142857142857,7632.785714285715,0.0,-1607.0,0.9025725488728136,4.5394389637906744e-05,2025-12-09 00:52:50.848964+00:00
WILDFLOWER,Billie Eilish,0.0,,,,0.0,0.0,0.0,0.0,0.0,am_billie_eilish_wildflower,2678.0,0.0,53.0,2025-12-08,4238.571428571428,4505.142857142857,0.0,-1459.0,0.9408295281582953,3.991493067231563e-05,2025-12-09 00:52:50.848964+00:00
Wackelkontakt,Oimara,300.0,0.0,300.0,2025-12-08,297.85714285714283,294.42857142857144,0.0,6.0,1.0116448326055312,,0.0,,,,0.0,0.0,0.0,0.0,0.0,3.805670457628653e-05,2025-12-09 00:52:50.848964+00:00
Watashi,Mrs. GREEN APPLE,7.0,0.0,7.0,2025-12-08,4.857142857142857,4.375,0.0,6.0,1.110204081632653,,0.0,,,,0.0,0.0,0.0,0.0,0.0,4.3266585591572224e-05,2025-12-09 00:52:50.848964+00:00
What Christmas Means to Me,Stevie Wonder,0.0,,,,0.0,0.0,0.0,0.0,0.0,am_stevie_wonder_what_christmas_means_to_me,2670.0,0.0,54.0,2025-12-08,2109.4285714285716,3465.285714285714,0.0,-3008.0,0.6087315001855135,3.992830252026507e-05,2025-12-09 00:52:50.848964+00:00
What I Want,Morgan Wallen & Tate McRae,0.0,,,,0.0,0.0,0.0,0.0,0.0,am_morgan_wallen_&_tate_mcrae_what_i_want,1936.0,0.0,89.0,2025-12-08,2202.285714285714,2310.214285714286,0.0,-116.0,0.953282008471694,3.804395949605313e-05,2025-12-09 00:52:50.848964+00:00
What It Sounds Like,"HUNTR/X, EJAE, AUDREY NUNA, REI AMI & KPop Demon Hunters Cast",136.0,0.0,136.0,2025-12-08,133.85714285714286,130.42857142857142,0.0,6.0,1.0262869660460023,"am_huntr/x,_ejae,_audrey_nuna,_rei_ami_&_kpop_demon_hunters_cast_what_it_sounds_like",1666.0,0.0,107.0,2025-12-08,1408.142857142857,1643.2857142857142,0.0,-65.0,0.8569068938537773,4.3266585591572224e-05,2025-12-09 00:52:50.848964+00:00
What's Up,4 Non Blondes,134.0,0.0,134.0,2025-12-08,131.85714285714286,128.42857142857142,0.0,6.0,1.0266963292547275,,0.0,,,,0.0,0.0,0.0,0.0,0.0,4.3266585591572224e-05,2025-12-09 00:52:50.848964+00:00
Whiplash,aespa,0.0,,,,0.0,0.0,0.0,0.0,0.0,am_aespa_whiplash,1356.0,0.0,147.0,2025-12-08,1443.142857142857,1336.357142857143,0.0,74.0,1.0799080656368591,0.0001012495949266463,2025-12-09 00:52:50.848964+00:00
White Christmas,Bing Crosby,0.0,,,,0.0,0.0,0.0,0.0,0.0,am_bing_crosby_white_christmas,2846.0,0.0,47.0,2025-12-08,2108.0,2950.5,0.0,-2602.0,0.714455177088629,3.992830252026507e-05,2025-12-09 00:52:50.848964+00:00
Wi$h Li$t,Taylor Swift,0.0,,,,0.0,0.0,0.0,0.0,0.0,am_taylor_swift_wi$h_li$t,1122.0,0.0,189.0,2025-12-08,1438.142857142857,1865.2857142857142,0.0,-486.0,0.7710040591253734,3.992830252026507e-05,2025-12-09 00:52:50.848964+00:00
Wild Woman,"Aerosmith, YUNGBLUD & Lainey Wilson",2.0,0.0,2.0,2025-12-08,1.6666666666666667,1.6666666666666667,0.0,0.0,1.0,,0.0,,,,0.0,0.0,0.0,0.0,0.0,3.805670457628653e-05,2025-12-09 00:52:50.848964+00:00
Winter Wonderland,Aretha Franklin,0.0,,,,0.0,0.0,0.0,0.0,0.0,am_aretha_franklin_winter_wonderland,1258.0,0.0,159.0,2025-12-08,1665.0,1495.5,0.0,-340.0,1.1133400200601806,0.0001062522144368655,2025-12-09 00:52:50.848964+00:00
Wonderful Christmastime,Emilio,0.0,,,,0.0,0.0,0.0,0.0,0.0,am_emilio_wonderful_christmastime,1147.0,0.0,182.0,2025-12-08,1134.6666666666667,1134.6666666666667,0.0,0.0,1.0,3.804395949605313e-05,2025-12-09 00:52:50.848964+00:00
Wonderful Christmastime,Paul McCartney,40.0,0.0,40.0,2025-12-08,40.0,40.0,0.0,0.0,1.0,am_paul_mccartney_wonderful_christmastime,3749.0,0.0,35.0,2025-12-08,2873.4285714285716,3421.285714285714,0.0,782.0,0.8398680529458433,3.805670457628653e-05,2025-12-09 00:52:50.848964+00:00
Wonderful Dream,Melanie Thornton,178.0,0.0,178.0,2025-12-08,175.85714285714286,174.4,0.0,6.0,1.0083551769331587,am_melanie_thornton_wonderful_dream,1709.0,0.0,102.0,2025-12-08,1651.142857142857,1549.2857142857142,0.0,114.0,1.0657445827570309,0.0001012495949266463,2025-12-09 00:52:50.848964+00:00
Wondering Why,The Red Clay Strays,95.0,0.0,95.0,2025-12-08,92.85714285714286,89.42857142857143,0.0,6.0,1.038338658146965,,0.0,,,,0.0,0.0,0.0,0.0,0.0,4.3266585591572224e-05,2025-12-09 00:52:50.848964+00:00
Yonaguni,Bad Bunny,0.0,,,,0.0,0.0,0.0,0.0,0.0,am_bad_bunny_yonaguni,1185.0,0.0,172.0,2025-12-08,1209.5714285714287,1188.4285714285713,0.0,12.0,1.0177905998317107,5.6298047556864515e-05,2025-12-09 00:52:50.848964+00:00
You're Still the One,Shania Twain,8.0,0.0,8.0,2025-12-08,7.25,7.25,0.0,0.0,1.0,,0.0,,,,0.0,0.0,0.0,0.0,0.0,3.805670457628653e-05,2025-12-09 00:52:50.848964+00:00
You're a Mean One Mr. Grinch,Thurl Ravenscroft,20.0,0.0,20.0,2025-12-08,17.857142857142858,17.857142857142858,0.0,0.0,1.0,,0.0,,,,0.0,0.0,0.0,0.0,0.0,3.805670457628653e-05,2025-12-09 00:52:50.848964+00:00
Your Idol,"Saja Boys, Andrew Choi, Neckwav, Danny Chung, Kevin Woo, samUIL Lee & KPop Demon Hunters Cast",160.0,0.0,160.0,2025-12-08,157.85714285714286,154.42857142857142,0.0,6.0,1.0222016651248844,"am_saja_boys,_andrew_choi,_neckwav,_danny_chung,_kevin_woo,_samuil_lee_&_kpop_demon_hunters_cast_you",1645.0,0.0,112.0,2025-12-08,1374.7142857142858,1673.142857142857,0.0,-149.0,0.8216359289617486,3.805670457628653e-05,2025-12-09 00:52:50.848964+00:00
Zoo,Disney & Shakira,11.0,0.0,11.0,2025-12-08,8.857142857142858,6.416666666666667,0.0,6.0,1.3803339517625233,,0.0,,,,0.0,0.0,0.0,0.0,0.0,1.7572149387781307e-05,2025-12-09 00:52:50.848964+00:00
Zoo,Shakira,11.0,0.0,11.0,2025-12-08,8.857142857142858,6.416666666666667,0.0,6.0,1.3803339517625233,am_shakira_zoo,2468.0,0.0,61.0,2025-12-08,1910.4285714285713,1777.7777777777778,0.0,969.0,1.0746160714285713,4.6752170196647935e-05,2025-12-09 00:52:50.848964+00:00
arrow,TOGENASHI TOGEARI,3.0,0.0,3.0,2025-12-08,2.25,2.25,0.0,0.0,1.0,,0.0,,,,0.0,0.0,0.0,0.0,0.0,3.805670457628653e-05,2025-12-09 00:52:50.848964+00:00
back to friends,sombr,128.0,0.0,128.0,2025-12-08,125.85714285714286,122.42857142857143,0.0,6.0,1.0280046674445742,am_sombr_back_to_friends,4185.0,0.0,29.0,2025-12-08,5345.285714285715,5561.5,0.0,-1076.0,0.9611230269326108,4.53791872996978e-05,2025-12-09 00:52:50.848964+00:00
bittersweet,Madison Beer,0.0,,,,0.0,0.0,0.0,0.0,0.0,am_madison_beer_bittersweet,1359.0,0.0,146.0,2025-12-08,1308.0,1253.6,0.0,194.0,1.0433950223356734,0.0001012495949266463,2025-12-09 00:52:50.848964+00:00
like JENNIE,JENNIE,0.0,,,,0.0,0.0,0.0,0.0,0.0,am_jennie_like_jennie,1695.0,0.0,104.0,2025-12-08,1823.2857142857142,1740.142857142857,0.0,-20.0,1.0477793284623593,0.0001012495949266463,2025-12-09 00:52:50.848964+00:00
luther,Kendrick Lamar & SZA,0.0,,,,0.0,0.0,0.0,0.0,0.0,am_kendrick_lamar_&_sza_luther,2285.0,0.0,69.0,2025-12-08,2684.1428571428573,2387.4285714285716,0.0,704.0,1.1242819530876018,0.0001012495949266463,2025-12-09 00:52:50.848964+00:00
melodrama,disiz & Theodora,22.0,0.0,22.0,2025-12-08,19.857142857142858,16.428571428571427,0.0,6.0,1.2086956521739132,am_disiz_&_theodora_melodrama,1903.0,0.0,93.0,2025-12-08,2019.7142857142858,2057.0714285714284,0.0,-152.0,0.9818396472099726,4.325209581273125e-05,2025-12-09 00:52:50.848964+00:00
no tiene sentido,Beéle,0.0,,,,0.0,0.0,0.0,0.0,0.0,am_beéle_no_tiene_sentido,1425.0,0.0,135.0,2025-12-08,1413.7142857142858,1405.9285714285713,0.0,47.0,1.0055377737133568,3.804395949605313e-05,2025-12-09 00:52:50.848964+00:00
ocean eyes,Billie Eilish,0.0,,,,0.0,0.0,0.0,0.0,0.0,am_billie_eilish_ocean_eyes,1103.0,0.0,196.0,2025-12-08,1400.142857142857,1894.5,0.0,-785.0,0.7390566677977605,3.992830252026507e-05,2025-12-09 00:52:50.848964+00:00
undressed,sombr,206.0,0.0,206.0,2025-12-08,203.85714285714286,200.42857142857142,0.0,6.0,1.0171062009978618,,0.0,,,,0.0,0.0,0.0,0.0,0.0,3.805670457628653e-05,2025-12-09 00:52:50.848964+00:00
wgft,Gunna,0.0,,,,0.0,0.0,0.0,0.0,0.0,am_gunna_wgft,1437.0,0.0,133.0,2025-12-08,1416.857142857143,1601.9285714285713,0.0,6.0,0.8844696125206225,3.805670457628653e-05,2025-12-09 00:52:50.848964+00:00
you look like you love me,Ella Langley & Riley Green,312.0,0.0,312.0,2025-12-08,309.85714285714283,306.42857142857144,0.0,6.0,1.011188811188811,,0.0,,,,0.0,0.0,0.0,0.0,0.0,3.805670457628653e-05,2025-12-09 00:52:50.848964+00:00
БАНК,Icegergert & Zivert,0.0,,,,0.0,0.0,0.0,0.0,0.0,am_icegergert_&_zivert_банк,1520.0,0.0,123.0,2025-12-08,1541.0,1564.0,0.0,-48.0,0.9852941176470589,3.804395949605313e-05,2025-12-09 00:52:50.848964+00:00
Базовый минимум,SABI & MIA BOYKA,0.0,,,,0.0,0.0,0.0,0.0,0.0,am_sabi_&_mia_boyka_базовый_минимум,1278.0,0.0,155.0,2025-12-08,1280.142857142857,1323.5,0.0,-31.0,0.967240541853311,3.804395949605313e-05,2025-12-09 00:52:50.848964+00:00
Жиганская,Jakone & Kiliana,0.0,,,,0.0,0.0,0.0,0.0,0.0,am_jakone_&_kiliana_жиганская,1343.0,0.0,149.0,2025-12-08,1368.0,1382.0,0.0,-47.0,0.9898697539797395,3.804395949605313e-05,2025-12-09 00:52:50.848964+00:00
Наследство,Icegergert & SKY RAE,0.0,,,,0.0,0.0,0.0,0.0,0.0,am_icegergert_&_sky_rae_наследство,1188.0,0.0,170.0,2025-12-08,1201.857142857143,1234.357142857143,0.0,-30.0,0.9736705051790985,3.804395949605313e-05,2025-12-09 00:52:50.848964+00:00
СВЕТЛАНА,NEXTIME,0.0,,,,0.0,0.0,0.0,0.0,0.0,am_nextime_светлана,1346.0,0.0,148.0,2025-12-08,1351.2857142857142,1288.8181818181818,0.0,114.0,1.0484688479327684,0.0001012495949266463,2025-12-09 00:52:50.848964+00:00
Силуэт,Ваня Дмитриенко & Аня Пересильд,0.0,,,,0.0,0.0,0.0,0.0,0.0,am_ваня_дмитриенко_&_аня_пересильд_силуэт,1285.0,0.0,154.0,2025-12-08,1308.4285714285713,1334.5,0.0,-38.0,0.9804635229888133,3.804395949605313e-05,2025-12-09 00:52:50.848964+00:00
Шиншиллы,LSP,0.0,,,,0.0,0.0,0.0,0.0,0.0,am_lsp_шиншиллы,1179.0,0.0,174.0,2025-12-08,1154.0,1154.0,0.0,0.0,1.0,3.804395949605313e-05,2025-12-09 00:52:50.848964+00:00
Шёлк,Ваня Дмитриенко,0.0,,,,0.0,0.0,0.0,0.0,0.0,am_ваня_дмитриенко_шёлк,1177.0,0.0,175.0,2025-12-08,1206.0,1220.9285714285713,0.0,-51.0,0.9877727724799626,3.804395949605313e-05,2025-12-09 00:52:50.848964+00:00
怪獣の花唄,Vaundy,0.0,,,,0.0,0.0,0.0,0.0,0.0,am_vaundy_怪獣の花唄,1257.0,0.0,160.0,2025-12-08,1271.2857142857142,1246.0,0.0,0.0,1.020293510662692,5.6298047556864515e-05,2025-12-09 00:52:50.848964+00:00
恆星不忘 Forever Forever,"Jay Chou, Jerry Yan, Van Ness Wu, Vic Chou & Ashin Chen",3.0,0.0,3.0,2025-12-08,2.25,2.25,0.0,0.0,1.0,,0.0,,,,0.0,0.0,0.0,0.0,0.0,3.805670457628653e-05,2025-12-09 00:52:50.848964+00:00
盛れミ・アモーレ,Juice=Juice,47.0,0.0,47.0,2025-12-08,44.857142857142854,41.42857142857143,0.0,6.0,1.0827586206896551,,0.0,,,,0.0,0.0,0.0,0.0,0.0,4.3266585591572224e-05,2025-12-09 00:52:50.848964+00:00
革命道中 - On The Way,アイナ・ジ・エンド,36.0,0.0,36.0,2025-12-08,33.857142857142854,30.428571428571427,0.0,6.0,1.112676056338028,,0.0,,,,0.0,0.0,0.0,0.0,0.0,4.3266585591572224e-05,2025-12-09 00:52:50.848964+00:00
